SEZIONE,pd_votes,pd_share,top10_preferenze,tipo
1,95,0.17495395948434622,1. LUIGI MAIO (4) | 2. FILIPPO MARIA LAGUZZI (3) | 3. GABRIELE MICHELI (3) | 4. FEDERICA RAMPINI (2) | 5. FRANCESCO MANCINO (2) | 6. ITALO DELLA BELLA (2) | 7. SIMONA RUSSO (2) | 8. CESARE ALFIDI (1) | 9. LORENZO SPIZZICHINO (1) | 10. MARIA TERESA ELLUL (1),municipio3_2021
25,107,0.18384879725085912,1. FEDERICA RAMPINI (17) | 2. FILIPPO MARIA LAGUZZI (9) | 3. MARIA ANTONIETTA DEL MORO (3) | 4. MONICA MAGGI (3) | 5. NASTASSJA HABDANK (3) | 6. ROBERTO CASAMENTO (3) | 7. ANTONIO COMITO (2) | 8. FRANCESCO MANCINO (2) | 9. GABRIELE MICHELI (2) | 10. NICOLETTA FUNGHI (2),municipio3_2021
37,82,0.1786492374727669,1. FEDERICA RAMPINI (4) | 2. SIMONA RUSSO (3) | 3. LUIGI MAIO (2) | 4. MATTEO PIETROSANTE (2) | 5. NASTASSJA HABDANK (2) | 6. SIMONA SORTINO (2) | 7. ANTONIO COMITO (1) | 8. CESARE ALFIDI (1) | 9. FILIPPO MARIA LAGUZZI (1) | 10. GABRIELE MICHELI (1),municipio3_2021
67,67,0.15227272727272728,1. ITALO DELLA BELLA (9) | 2. MATTEO PIETROSANTE (4) | 3. NASTASSJA HABDANK (4) | 4. SIMONA SORTINO (4) | 5. ANTONIO COMITO (3) | 6. FEDERICA RAMPINI (3) | 7. LORENZO SPIZZICHINO (2) | 8. MARIA ANTONIETTA DEL MORO (2) | 9. CESARE ALFIDI (1) | 10. LUIGI MAIO (1),municipio3_2021
68,78,0.16738197424892703,1. MATTEO PIETROSANTE (6) | 2. ANTONIO COMITO (2) | 3. NASTASSJA HABDANK (2) | 4. PAOLA CAVALIERI (2) | 5. CESARE ALFIDI (1) | 6. FILIPPO MARIA LAGUZZI (1) | 7. FRANCESCO MANCINO (1) | 8. LORENZO SPIZZICHINO (1) | 9. SILVIA DE ROSA (1) | 10. SIMONA SORTINO (1),municipio3_2021
69,87,0.17575757575757575,1. NASTASSJA HABDANK (7) | 2. MATTEO PIETROSANTE (6) | 3. FEDERICA RAMPINI (5) | 4. PAOLA CAVALIERI (5) | 5. FILIPPO MARIA LAGUZZI (4) | 6. LORENZO SPIZZICHINO (4) | 7. MARIA TERESA ELLUL (3) | 8. SIMONA SORTINO (3) | 9. MARIA ANTONIETTA DEL MORO (2) | 10. SILVIA DE ROSA (2),municipio3_2021
70,70,0.16393442622950818,1. MATTEO PIETROSANTE (6) | 2. NASTASSJA HABDANK (6) | 3. FRANCESCO MANCINO (2) | 4. GABRIELE MICHELI (2) | 5. CESARE ALFIDI (1) | 6. LORENZO SPIZZICHINO (1) | 7. ANTONIO COMITO (0) | 8. FEDERICA RAMPINI (0) | 9. FILIPPO MARIA LAGUZZI (0) | 10. GABRIELE CARRADORI (0),municipio3_2021
71,81,0.17647058823529413,1. FEDERICA RAMPINI (4) | 2. MATTEO PIETROSANTE (4) | 3. NASTASSJA HABDANK (3) | 4. LORENZO SPIZZICHINO (2) | 5. LUIGI MAIO (2) | 6. MARIA ANTONIETTA DEL MORO (2) | 7. MIRKO MANFRE' (2) | 8. PAOLA CAVALIERI (2) | 9. FILIPPO MARIA LAGUZZI (1) | 10. ROBERTO CASAMENTO (1),municipio3_2021
72,79,0.18287037037037038,1. MATTEO PIETROSANTE (7) | 2. NICOLETTA FUNGHI (4) | 3. GABRIELE CARRADORI (3) | 4. LUIGI MAIO (3) | 5. MONICA MAGGI (3) | 6. SIMONA SORTINO (3) | 7. MARIA ANTONIETTA DEL MORO (2) | 8. NASTASSJA HABDANK (2) | 9. CESARE ALFIDI (1) | 10. FEDERICA RAMPINI (1),municipio3_2021
73,163,0.28055077452667815,1. SIMONA SORTINO (32) | 2. MATTEO PIETROSANTE (24) | 3. NASTASSJA HABDANK (12) | 4. LORENZO SPIZZICHINO (7) | 5. FILIPPO MARIA LAGUZZI (4) | 6. PAOLA CAVALIERI (4) | 7. FEDERICA RAMPINI (3) | 8. MARIA TERESA ELLUL (3) | 9. CESARE ALFIDI (2) | 10. GABRIELE MICHELI (2),municipio3_2021
74,93,0.20898876404494382,1. SIMONA SORTINO (15) | 2. MATTEO PIETROSANTE (6) | 3. FEDERICA RAMPINI (5) | 4. FILIPPO MARIA LAGUZZI (5) | 5. ANTONIO COMITO (4) | 6. LORENZO SPIZZICHINO (4) | 7. NASTASSJA HABDANK (4) | 8. PAOLA CAVALIERI (3) | 9. CESARE ALFIDI (2) | 10. MARIA ANTONIETTA DEL MORO (1),municipio3_2021
75,138,0.2598870056497175,1. SIMONA SORTINO (59) | 2. MATTEO PIETROSANTE (8) | 3. FILIPPO MARIA LAGUZZI (7) | 4. NASTASSJA HABDANK (6) | 5. CESARE ALFIDI (3) | 6. FEDERICA RAMPINI (3) | 7. ROBERTO CASAMENTO (3) | 8. ANTONIO COMITO (2) | 9. MARIA ANTONIETTA DEL MORO (2) | 10. MARIA TERESA ELLUL (2),municipio3_2021
76,105,0.2125506072874494,1. SIMONA SORTINO (16) | 2. MATTEO PIETROSANTE (8) | 3. NASTASSJA HABDANK (7) | 4. FEDERICA RAMPINI (3) | 5. FILIPPO MARIA LAGUZZI (3) | 6. LUIGI MAIO (3) | 7. CESARE ALFIDI (1) | 8. FRANCESCO MANCINO (1) | 9. ITALO DELLA BELLA (1) | 10. MARIA TERESA ELLUL (1),municipio3_2021
77,131,0.22165820642978004,1. LORENZO SPIZZICHINO (11) | 2. SIMONA SORTINO (10) | 3. NASTASSJA HABDANK (9) | 4. ROBERTO CASAMENTO (9) | 5. PAOLA CAVALIERI (6) | 6. FEDERICA RAMPINI (4) | 7. FILIPPO MARIA LAGUZZI (4) | 8. NICOLETTA FUNGHI (3) | 9. MARIA ANTONIETTA DEL MORO (2) | 10. MIRKO MANFRE' (2),municipio3_2021
78,87,0.22025316455696203,1. NASTASSJA HABDANK (6) | 2. MATTEO PIETROSANTE (5) | 3. SIMONA SORTINO (4) | 4. FEDERICA RAMPINI (3) | 5. LUIGI MAIO (3) | 6. ANTONIO COMITO (1) | 7. CESARE ALFIDI (1) | 8. FILIPPO MARIA LAGUZZI (1) | 9. LORENZO SPIZZICHINO (1) | 10. NICOLETTA FUNGHI (1),municipio3_2021
79,70,0.16908212560386474,1. NASTASSJA HABDANK (8) | 2. MATTEO PIETROSANTE (7) | 3. FILIPPO MARIA LAGUZZI (3) | 4. SIMONA SORTINO (3) | 5. FEDERICA RAMPINI (2) | 6. CESARE ALFIDI (1) | 7. FRANCESCO MANCINO (1) | 8. ITALO DELLA BELLA (1) | 9. LORENZO SPIZZICHINO (1) | 10. LUIGI MAIO (1),municipio3_2021
80,87,0.2283464566929134,1. ITALO DELLA BELLA (8) | 2. LUIGI MAIO (5) | 3. MATTEO PIETROSANTE (5) | 4. NASTASSJA HABDANK (4) | 5. SIMONA SORTINO (4) | 6. CESARE ALFIDI (2) | 7. LORENZO SPIZZICHINO (2) | 8. MARIA ANTONIETTA DEL MORO (2) | 9. NICOLETTA FUNGHI (2) | 10. PAOLA CAVALIERI (2),municipio3_2021
81,102,0.21982758620689655,1. ANTONIO COMITO (0) | 2. CESARE ALFIDI (0) | 3. FEDERICA RAMPINI (0) | 4. FILIPPO MARIA LAGUZZI (0) | 5. FRANCESCO MANCINO (0) | 6. GABRIELE CARRADORI (0) | 7. GABRIELE MICHELI (0) | 8. ITALO DELLA BELLA (0) | 9. LORENZO SPIZZICHINO (0) | 10. LUIGI MAIO (0),municipio3_2021
82,110,0.22132796780684105,1. NICOLETTA FUNGHI (11) | 2. SIMONA SORTINO (10) | 3. GABRIELE CARRADORI (6) | 4. MATTEO PIETROSANTE (4) | 5. NASTASSJA HABDANK (4) | 6. ROBERTO CASAMENTO (2) | 7. FEDERICA RAMPINI (1) | 8. FILIPPO MARIA LAGUZZI (1) | 9. LORENZO SPIZZICHINO (1) | 10. PAOLA CAVALIERI (1),municipio3_2021
83,103,0.18625678119349007,1. NICOLETTA FUNGHI (7) | 2. SIMONA SORTINO (7) | 3. NASTASSJA HABDANK (6) | 4. PAOLA CAVALIERI (6) | 5. FEDERICA RAMPINI (4) | 6. FILIPPO MARIA LAGUZZI (4) | 7. LORENZO SPIZZICHINO (4) | 8. MATTEO PIETROSANTE (4) | 9. MARIA TERESA ELLUL (2) | 10. MONICA MAGGI (2),municipio3_2021
84,112,0.24724061810154527,1. MATTEO PIETROSANTE (7) | 2. ROBERTO CASAMENTO (7) | 3. NASTASSJA HABDANK (6) | 4. FEDERICA RAMPINI (5) | 5. FILIPPO MARIA LAGUZZI (5) | 6. CESARE ALFIDI (4) | 7. LORENZO SPIZZICHINO (4) | 8. PAOLA CAVALIERI (4) | 9. SILVIA DE ROSA (3) | 10. MARIA TERESA ELLUL (2),municipio3_2021
85,115,0.1996527777777778,1. FEDERICA RAMPINI (11) | 2. FILIPPO MARIA LAGUZZI (11) | 3. NICOLETTA FUNGHI (8) | 4. LUIGI MAIO (5) | 5. CESARE ALFIDI (4) | 6. SIMONA SORTINO (4) | 7. ANTONIO COMITO (3) | 8. MATTEO PIETROSANTE (3) | 9. NASTASSJA HABDANK (2) | 10. LORENZO SPIZZICHINO (1),municipio3_2021
86,96,0.18045112781954886,1. FEDERICA RAMPINI (11) | 2. FILIPPO MARIA LAGUZZI (9) | 3. NASTASSJA HABDANK (6) | 4. LUIGI MAIO (5) | 5. MATTEO PIETROSANTE (3) | 6. NICOLETTA FUNGHI (3) | 7. SIMONA SORTINO (3) | 8. ITALO DELLA BELLA (2) | 9. MONICA MAGGI (2) | 10. ROBERTO CASAMENTO (2),municipio3_2021
87,103,0.19731800766283525,1. FEDERICA RAMPINI (8) | 2. LUIGI MAIO (3) | 3. MARIA ANTONIETTA DEL MORO (3) | 4. MARIA TERESA ELLUL (3) | 5. NASTASSJA HABDANK (3) | 6. NICOLETTA FUNGHI (3) | 7. PAOLA CAVALIERI (3) | 8. ROBERTO CASAMENTO (3) | 9. CESARE ALFIDI (2) | 10. FILIPPO MARIA LAGUZZI (2),municipio3_2021
88,102,0.22270742358078602,1. FEDERICA RAMPINI (12) | 2. FILIPPO MARIA LAGUZZI (10) | 3. NASTASSJA HABDANK (5) | 4. NICOLETTA FUNGHI (5) | 5. GABRIELE CARRADORI (4) | 6. LORENZO SPIZZICHINO (4) | 7. MATTEO PIETROSANTE (4) | 8. PAOLA CAVALIERI (4) | 9. ITALO DELLA BELLA (1) | 10. LUIGI MAIO (1),municipio3_2021
89,88,0.17054263565891473,1. MATTEO PIETROSANTE (7) | 2. FILIPPO MARIA LAGUZZI (5) | 3. ANTONIO COMITO (4) | 4. MONICA MAGGI (3) | 5. ITALO DELLA BELLA (2) | 6. SILVIA DE ROSA (2) | 7. SIMONA RUSSO (2) | 8. SIMONA SORTINO (2) | 9. CESARE ALFIDI (1) | 10. FEDERICA RAMPINI (1),municipio3_2021
90,85,0.2014218009478673,1. MATTEO PIETROSANTE (12) | 2. NASTASSJA HABDANK (9) | 3. FILIPPO MARIA LAGUZZI (6) | 4. MONICA MAGGI (6) | 5. FEDERICA RAMPINI (5) | 6. NICOLETTA FUNGHI (5) | 7. PAOLA CAVALIERI (5) | 8. LORENZO SPIZZICHINO (3) | 9. GABRIELE CARRADORI (2) | 10. ANTONIO COMITO (1),municipio3_2021
91,82,0.18222222222222223,1. LORENZO SPIZZICHINO (6) | 2. LUIGI MAIO (5) | 3. MONICA MAGGI (5) | 4. FEDERICA RAMPINI (4) | 5. FILIPPO MARIA LAGUZZI (4) | 6. PAOLA CAVALIERI (4) | 7. ANTONIO COMITO (3) | 8. ROBERTO CASAMENTO (3) | 9. NASTASSJA HABDANK (2) | 10. CESARE ALFIDI (1),municipio3_2021
92,108,0.21301775147928995,1. PAOLA CAVALIERI (12) | 2. SILVIA DE ROSA (8) | 3. CESARE ALFIDI (6) | 4. MATTEO PIETROSANTE (6) | 5. LORENZO SPIZZICHINO (5) | 6. NASTASSJA HABDANK (5) | 7. FILIPPO MARIA LAGUZZI (4) | 8. ROBERTO CASAMENTO (4) | 9. SIMONETTA ANACLERIO (3) | 10. ANTONIO COMITO (2),municipio3_2021
93,82,0.1971153846153846,1. MATTEO PIETROSANTE (8) | 2. NASTASSJA HABDANK (6) | 3. FEDERICA RAMPINI (5) | 4. FILIPPO MARIA LAGUZZI (5) | 5. LORENZO SPIZZICHINO (4) | 6. PAOLA CAVALIERI (3) | 7. NICOLETTA FUNGHI (2) | 8. ROBERTO CASAMENTO (2) | 9. CESARE ALFIDI (1) | 10. GABRIELE CARRADORI (1),municipio3_2021
94,78,0.1625,1. ROBERTO CASAMENTO (7) | 2. PAOLA CAVALIERI (5) | 3. SIMONA SORTINO (5) | 4. LORENZO SPIZZICHINO (4) | 5. CESARE ALFIDI (2) | 6. GABRIELE CARRADORI (2) | 7. MATTEO PIETROSANTE (2) | 8. NASTASSJA HABDANK (2) | 9. FEDERICA RAMPINI (1) | 10. FILIPPO MARIA LAGUZZI (1),municipio3_2021
95,69,0.17783505154639176,1. LORENZO SPIZZICHINO (5) | 2. ANTONIO COMITO (4) | 3. ROBERTO CASAMENTO (4) | 4. FILIPPO MARIA LAGUZZI (3) | 5. FEDERICA RAMPINI (2) | 6. FRANCESCO MANCINO (2) | 7. MARIA ANTONIETTA DEL MORO (2) | 8. NASTASSJA HABDANK (2) | 9. SIMONA SORTINO (2) | 10. LUIGI MAIO (1),municipio3_2021
96,105,0.20588235294117646,1. ROBERTO CASAMENTO (18) | 2. NASTASSJA HABDANK (8) | 3. LORENZO SPIZZICHINO (7) | 4. PAOLA CAVALIERI (7) | 5. MATTEO PIETROSANTE (4) | 6. NICOLETTA FUNGHI (3) | 7. SIMONA SORTINO (2) | 8. ANTONIO COMITO (1) | 9. FILIPPO MARIA LAGUZZI (1) | 10. FRANCESCO MANCINO (1),municipio3_2021
97,102,0.2138364779874214,1. FILIPPO MARIA LAGUZZI (8) | 2. FEDERICA RAMPINI (7) | 3. MATTEO PIETROSANTE (4) | 4. NASTASSJA HABDANK (4) | 5. MONICA MAGGI (2) | 6. GABRIELE MICHELI (1) | 7. LORENZO SPIZZICHINO (1) | 8. MARIA ANTONIETTA DEL MORO (1) | 9. PAOLA CAVALIERI (1) | 10. ROBERTO CASAMENTO (1),municipio3_2021
98,69,0.1994219653179191,1. LORENZO SPIZZICHINO (4) | 2. SIMONA RUSSO (4) | 3. ROBERTO CASAMENTO (3) | 4. CESARE ALFIDI (2) | 5. GABRIELE CARRADORI (2) | 6. LUIGI MAIO (2) | 7. MARIA TERESA ELLUL (2) | 8. MIRKO MANFRE' (2) | 9. NICOLETTA FUNGHI (2) | 10. PAOLA CAVALIERI (2),municipio3_2021
99,93,0.17032967032967034,1. NASTASSJA HABDANK (10) | 2. ROBERTO CASAMENTO (7) | 3. MATTEO PIETROSANTE (6) | 4. LUIGI MAIO (4) | 5. LORENZO SPIZZICHINO (3) | 6. ANTONIO COMITO (2) | 7. MONICA MAGGI (2) | 8. PAOLA CAVALIERI (2) | 9. SIMONA SORTINO (2) | 10. CESARE ALFIDI (1),municipio3_2021
100,128,0.2314647377938517,1. MARIA ANTONIETTA DEL MORO (16) | 2. NASTASSJA HABDANK (8) | 3. FILIPPO MARIA LAGUZZI (5) | 4. LORENZO SPIZZICHINO (5) | 5. ROBERTO CASAMENTO (4) | 6. FEDERICA RAMPINI (3) | 7. MIRKO MANFRE' (3) | 8. PAOLA CAVALIERI (3) | 9. MATTEO PIETROSANTE (2) | 10. MONICA MAGGI (2),municipio3_2021
101,66,0.16417910447761194,1. FILIPPO MARIA LAGUZZI (7) | 2. NASTASSJA HABDANK (5) | 3. FEDERICA RAMPINI (3) | 4. ROBERTO CASAMENTO (3) | 5. LORENZO SPIZZICHINO (2) | 6. MARIA ANTONIETTA DEL MORO (2) | 7. MATTEO PIETROSANTE (2) | 8. SILVIA DE ROSA (2) | 9. ANTONIO COMITO (1) | 10. CESARE ALFIDI (1),municipio3_2021
102,84,0.16766467065868262,1. LORENZO SPIZZICHINO (12) | 2. ANTONIO COMITO (8) | 3. PAOLA CAVALIERI (7) | 4. FEDERICA RAMPINI (6) | 5. ITALO DELLA BELLA (3) | 6. SIMONA SORTINO (3) | 7. CESARE ALFIDI (2) | 8. FILIPPO MARIA LAGUZZI (2) | 9. GABRIELE CARRADORI (2) | 10. LUIGI MAIO (2),municipio3_2021
103,81,0.18,1. FILIPPO MARIA LAGUZZI (5) | 2. NASTASSJA HABDANK (5) | 3. FEDERICA RAMPINI (4) | 4. PAOLA CAVALIERI (4) | 5. MARIA TERESA ELLUL (3) | 6. MATTEO PIETROSANTE (3) | 7. LORENZO SPIZZICHINO (2) | 8. ROBERTO CASAMENTO (2) | 9. CESARE ALFIDI (1) | 10. FRANCESCO MANCINO (1),municipio3_2021
104,94,0.20085470085470086,1. PAOLA CAVALIERI (6) | 2. LORENZO SPIZZICHINO (4) | 3. MATTEO PIETROSANTE (4) | 4. NASTASSJA HABDANK (3) | 5. ORNELLA LOVELLO (3) | 6. FRANCESCO MANCINO (2) | 7. LUIGI MAIO (2) | 8. ANTONIO COMITO (1) | 9. CESARE ALFIDI (1) | 10. FEDERICA RAMPINI (1),municipio3_2021
105,67,0.162227602905569,1. PAOLA CAVALIERI (5) | 2. CESARE ALFIDI (4) | 3. LORENZO SPIZZICHINO (4) | 4. ANTONIO COMITO (3) | 5. MARIA ANTONIETTA DEL MORO (3) | 6. NASTASSJA HABDANK (3) | 7. GABRIELE CARRADORI (2) | 8. MATTEO PIETROSANTE (2) | 9. ROBERTO CASAMENTO (2) | 10. FRANCESCO MANCINO (1),municipio3_2021
106,72,0.17518248175182483,1. LORENZO SPIZZICHINO (10) | 2. ROBERTO CASAMENTO (9) | 3. GABRIELE MICHELI (3) | 4. PAOLA CAVALIERI (2) | 5. FEDERICA RAMPINI (1) | 6. FILIPPO MARIA LAGUZZI (1) | 7. LUIGI MAIO (1) | 8. MARIA ANTONIETTA DEL MORO (1) | 9. SIMONA RUSSO (1) | 10. ANTONIO COMITO (0),municipio3_2021
107,87,0.174,1. LORENZO SPIZZICHINO (6) | 2. FEDERICA RAMPINI (5) | 3. NASTASSJA HABDANK (4) | 4. ROBERTO CASAMENTO (4) | 5. FILIPPO MARIA LAGUZZI (3) | 6. MATTEO PIETROSANTE (3) | 7. ANTONIO COMITO (2) | 8. MARIA TERESA ELLUL (2) | 9. NICOLETTA FUNGHI (2) | 10. PAOLA CAVALIERI (2),municipio3_2021
108,107,0.22061855670103092,1. ANTONIO COMITO (47) | 2. MATTEO PIETROSANTE (3) | 3. FEDERICA RAMPINI (1) | 4. FILIPPO MARIA LAGUZZI (1) | 5. LORENZO SPIZZICHINO (1) | 6. MARIA TERESA ELLUL (1) | 7. NICOLETTA FUNGHI (1) | 8. ROBERTO CASAMENTO (1) | 9. SIMONA RUSSO (1) | 10. CESARE ALFIDI (0),municipio3_2021
109,47,0.14029850746268657,1. NASTASSJA HABDANK (5) | 2. ITALO DELLA BELLA (4) | 3. NICOLETTA FUNGHI (3) | 4. ROBERTO CASAMENTO (3) | 5. GABRIELE CARRADORI (2) | 6. LORENZO SPIZZICHINO (2) | 7. MATTEO PIETROSANTE (2) | 8. PAOLA CAVALIERI (2) | 9. SIMONETTA ANACLERIO (2) | 10. FEDERICA RAMPINI (1),municipio3_2021
110,49,0.15654952076677317,1. GABRIELE CARRADORI (7) | 2. FILIPPO MARIA LAGUZZI (2) | 3. MONICA MAGGI (2) | 4. NICOLETTA FUNGHI (2) | 5. ORNELLA LOVELLO (2) | 6. FRANCESCO MANCINO (1) | 7. MARIA ANTONIETTA DEL MORO (1) | 8. MIRKO MANFRE' (1) | 9. NASTASSJA HABDANK (1) | 10. PAOLA CAVALIERI (1),municipio3_2021
111,65,0.2006172839506173,1. SIMONA RUSSO (6) | 2. FILIPPO MARIA LAGUZZI (5) | 3. ANTONIO COMITO (4) | 4. NICOLETTA FUNGHI (4) | 5. GABRIELE CARRADORI (3) | 6. LORENZO SPIZZICHINO (3) | 7. MATTEO PIETROSANTE (3) | 8. MIRKO MANFRE' (3) | 9. PAOLA CAVALIERI (3) | 10. MARIA ANTONIETTA DEL MORO (2),municipio3_2021
112,58,0.17791411042944785,1. FEDERICA RAMPINI (4) | 2. FILIPPO MARIA LAGUZZI (4) | 3. MONICA MAGGI (3) | 4. NASTASSJA HABDANK (3) | 5. PAOLA CAVALIERI (3) | 6. LUIGI MAIO (2) | 7. MATTEO PIETROSANTE (2) | 8. ANTONIO COMITO (1) | 9. LORENZO SPIZZICHINO (1) | 10. ORNELLA LOVELLO (1),municipio3_2021
113,48,0.1509433962264151,1. FEDERICA RAMPINI (4) | 2. LORENZO SPIZZICHINO (3) | 3. ANTONIO COMITO (2) | 4. FILIPPO MARIA LAGUZZI (2) | 5. MATTEO PIETROSANTE (2) | 6. MONICA MAGGI (2) | 7. GABRIELE CARRADORI (1) | 8. MARIA TERESA ELLUL (1) | 9. NASTASSJA HABDANK (1) | 10. NICOLETTA FUNGHI (1),municipio3_2021
114,104,0.1918819188191882,1. ANTONIO COMITO (6) | 2. CESARE ALFIDI (5) | 3. FILIPPO MARIA LAGUZZI (5) | 4. LUIGI MAIO (5) | 5. FEDERICA RAMPINI (4) | 6. NASTASSJA HABDANK (3) | 7. ORNELLA LOVELLO (3) | 8. PAOLA CAVALIERI (3) | 9. NICOLETTA FUNGHI (2) | 10. ROBERTO CASAMENTO (2),municipio3_2021
115,67,0.1595238095238095,1. FILIPPO MARIA LAGUZZI (6) | 2. FEDERICA RAMPINI (5) | 3. MONICA MAGGI (5) | 4. ROBERTO CASAMENTO (4) | 5. SIMONA SORTINO (2) | 6. CESARE ALFIDI (1) | 7. LORENZO SPIZZICHINO (1) | 8. MARIA TERESA ELLUL (1) | 9. MATTEO PIETROSANTE (1) | 10. NICOLETTA FUNGHI (1),municipio3_2021
116,44,0.11224489795918367,1. GABRIELE CARRADORI (5) | 2. PAOLA CAVALIERI (5) | 3. ANTONIO COMITO (4) | 4. ROBERTO CASAMENTO (4) | 5. NICOLETTA FUNGHI (2) | 6. FILIPPO MARIA LAGUZZI (1) | 7. GABRIELE MICHELI (1) | 8. LORENZO SPIZZICHINO (1) | 9. MONICA MAGGI (1) | 10. NASTASSJA HABDANK (1),municipio3_2021
117,67,0.1763157894736842,1. GABRIELE CARRADORI (6) | 2. NICOLETTA FUNGHI (5) | 3. ANTONIO COMITO (4) | 4. CESARE ALFIDI (1) | 5. FEDERICA RAMPINI (1) | 6. LORENZO SPIZZICHINO (1) | 7. LUIGI MAIO (1) | 8. MARIA TERESA ELLUL (1) | 9. MATTEO PIETROSANTE (1) | 10. MONICA MAGGI (1),municipio3_2021
118,68,0.19883040935672514,1. GABRIELE CARRADORI (5) | 2. NASTASSJA HABDANK (5) | 3. NICOLETTA FUNGHI (5) | 4. MONICA MAGGI (4) | 5. ROBERTO CASAMENTO (3) | 6. ANTONIO COMITO (2) | 7. FILIPPO MARIA LAGUZZI (2) | 8. GABRIELE MICHELI (1) | 9. MATTEO PIETROSANTE (1) | 10. PAOLA CAVALIERI (1),municipio3_2021
119,66,0.18591549295774648,1. NASTASSJA HABDANK (4) | 2. ROBERTO CASAMENTO (3) | 3. FILIPPO MARIA LAGUZZI (2) | 4. GABRIELE CARRADORI (2) | 5. ITALO DELLA BELLA (2) | 6. LORENZO SPIZZICHINO (2) | 7. LUIGI MAIO (2) | 8. MARIA TERESA ELLUL (2) | 9. ANTONIO COMITO (1) | 10. GABRIELE MICHELI (1),municipio3_2021
207,94,0.19624217118997914,1. NASTASSJA HABDANK (5) | 2. FEDERICA RAMPINI (3) | 3. ITALO DELLA BELLA (3) | 4. PAOLA CAVALIERI (3) | 5. CESARE ALFIDI (2) | 6. MARIA ANTONIETTA DEL MORO (2) | 7. MATTEO PIETROSANTE (2) | 8. NICOLETTA FUNGHI (2) | 9. SIMONA RUSSO (2) | 10. SIMONA SORTINO (2),municipio3_2021
208,100,0.20618556701030927,1. FEDERICA RAMPINI (7) | 2. FILIPPO MARIA LAGUZZI (7) | 3. LUIGI MAIO (7) | 4. ANTONIO COMITO (6) | 5. MARIA ANTONIETTA DEL MORO (3) | 6. MATTEO PIETROSANTE (3) | 7. NASTASSJA HABDANK (3) | 8. NICOLETTA FUNGHI (2) | 9. GABRIELE CARRADORI (1) | 10. GABRIELE MICHELI (1),municipio3_2021
209,106,0.22268907563025211,1. FILIPPO MARIA LAGUZZI (5) | 2. FEDERICA RAMPINI (4) | 3. CESARE ALFIDI (3) | 4. ROBERTO CASAMENTO (3) | 5. SILVIA DE ROSA (3) | 6. MARIA ANTONIETTA DEL MORO (2) | 7. PAOLA CAVALIERI (2) | 8. SIMONA RUSSO (2) | 9. SIMONA SORTINO (2) | 10. ANTONIO COMITO (1),municipio3_2021
210,87,0.19078947368421054,1. FEDERICA RAMPINI (10) | 2. FILIPPO MARIA LAGUZZI (5) | 3. LORENZO SPIZZICHINO (3) | 4. LUIGI MAIO (3) | 5. MIRKO MANFRE' (3) | 6. PAOLA CAVALIERI (3) | 7. GABRIELE CARRADORI (2) | 8. CESARE ALFIDI (1) | 9. NICOLETTA FUNGHI (1) | 10. ORNELLA LOVELLO (1),municipio3_2021
211,96,0.19672131147540983,1. FEDERICA RAMPINI (7) | 2. NASTASSJA HABDANK (5) | 3. SIMONA SORTINO (4) | 4. CESARE ALFIDI (3) | 5. GABRIELE CARRADORI (3) | 6. GABRIELE MICHELI (3) | 7. FILIPPO MARIA LAGUZZI (2) | 8. ITALO DELLA BELLA (2) | 9. LUIGI MAIO (2) | 10. MATTEO PIETROSANTE (2),municipio3_2021
212,100,0.2079002079002079,1. FEDERICA RAMPINI (5) | 2. LUIGI MAIO (4) | 3. NASTASSJA HABDANK (4) | 4. LORENZO SPIZZICHINO (3) | 5. MIRKO MANFRE' (3) | 6. FILIPPO MARIA LAGUZZI (2) | 7. MATTEO PIETROSANTE (2) | 8. PAOLA CAVALIERI (2) | 9. ROBERTO CASAMENTO (2) | 10. ANTONIO COMITO (1),municipio3_2021
213,72,0.16475972540045766,1. FEDERICA RAMPINI (14) | 2. NASTASSJA HABDANK (7) | 3. ANTONIO COMITO (2) | 4. LUIGI MAIO (2) | 5. MIRKO MANFRE' (2) | 6. LORENZO SPIZZICHINO (1) | 7. MATTEO PIETROSANTE (1) | 8. ROBERTO CASAMENTO (1) | 9. SIMONA SORTINO (1) | 10. SIMONETTA ANACLERIO (1),municipio3_2021
214,83,0.21558441558441557,1. FEDERICA RAMPINI (5) | 2. FILIPPO MARIA LAGUZZI (5) | 3. NASTASSJA HABDANK (4) | 4. GABRIELE MICHELI (2) | 5. LUIGI MAIO (2) | 6. MATTEO PIETROSANTE (2) | 7. MONICA MAGGI (2) | 8. NICOLETTA FUNGHI (2) | 9. SIMONETTA ANACLERIO (2) | 10. ITALO DELLA BELLA (1),municipio3_2021
215,99,0.23076923076923078,1. MARIA ANTONIETTA DEL MORO (12) | 2. FILIPPO MARIA LAGUZZI (8) | 3. FEDERICA RAMPINI (7) | 4. MATTEO PIETROSANTE (7) | 5. NASTASSJA HABDANK (7) | 6. SILVIA DE ROSA (5) | 7. LUIGI MAIO (4) | 8. LORENZO SPIZZICHINO (3) | 9. MIRKO MANFRE' (2) | 10. SIMONA RUSSO (2),municipio3_2021
216,91,0.20919540229885059,1. FILIPPO MARIA LAGUZZI (6) | 2. SILVIA DE ROSA (6) | 3. ROBERTO CASAMENTO (5) | 4. NASTASSJA HABDANK (4) | 5. FEDERICA RAMPINI (2) | 6. MONICA MAGGI (2) | 7. NICOLETTA FUNGHI (2) | 8. LUIGI MAIO (1) | 9. MARIA ANTONIETTA DEL MORO (1) | 10. MIRKO MANFRE' (1),municipio3_2021
217,80,0.21390374331550802,1. FEDERICA RAMPINI (8) | 2. FILIPPO MARIA LAGUZZI (5) | 3. NASTASSJA HABDANK (5) | 4. SIMONA SORTINO (4) | 5. MATTEO PIETROSANTE (3) | 6. ITALO DELLA BELLA (2) | 7. MIRKO MANFRE' (2) | 8. ROBERTO CASAMENTO (2) | 9. LORENZO SPIZZICHINO (1) | 10. LUIGI MAIO (1),municipio3_2021
218,74,0.17577197149643706,1. MIRKO MANFRE' (5) | 2. NICOLETTA FUNGHI (5) | 3. FEDERICA RAMPINI (4) | 4. ANTONIO COMITO (3) | 5. FILIPPO MARIA LAGUZZI (3) | 6. GABRIELE CARRADORI (2) | 7. ORNELLA LOVELLO (2) | 8. PAOLA CAVALIERI (2) | 9. CESARE ALFIDI (1) | 10. GABRIELE MICHELI (1),municipio3_2021
219,72,0.15,1. NICOLETTA FUNGHI (4) | 2. FEDERICA RAMPINI (3) | 3. FILIPPO MARIA LAGUZZI (2) | 4. MARIA ANTONIETTA DEL MORO (2) | 5. GABRIELE CARRADORI (1) | 6. LORENZO SPIZZICHINO (1) | 7. MATTEO PIETROSANTE (1) | 8. SILVIA DE ROSA (1) | 9. ANTONIO COMITO (0) | 10. CESARE ALFIDI (0),municipio3_2021
220,92,0.2598870056497175,1. LUIGI MAIO (15) | 2. FEDERICA RAMPINI (9) | 3. FILIPPO MARIA LAGUZZI (7) | 4. NASTASSJA HABDANK (5) | 5. MATTEO PIETROSANTE (2) | 6. SIMONA RUSSO (2) | 7. ANTONIO COMITO (1) | 8. CESARE ALFIDI (1) | 9. MARIA ANTONIETTA DEL MORO (1) | 10. MIRKO MANFRE' (1),municipio3_2021
221,86,0.19239373601789708,1. FEDERICA RAMPINI (10) | 2. FILIPPO MARIA LAGUZZI (6) | 3. NASTASSJA HABDANK (4) | 4. MATTEO PIETROSANTE (3) | 5. MIRKO MANFRE' (2) | 6. SIMONA RUSSO (2) | 7. MONICA MAGGI (1) | 8. ROBERTO CASAMENTO (1) | 9. SILVIA DE ROSA (1) | 10. SIMONA SORTINO (1),municipio3_2021
222,123,0.21354166666666666,1. LUIGI MAIO (5) | 2. MATTEO PIETROSANTE (2) | 3. MIRKO MANFRE' (2) | 4. ORNELLA LOVELLO (2) | 5. FEDERICA RAMPINI (1) | 6. ITALO DELLA BELLA (1) | 7. LORENZO SPIZZICHINO (1) | 8. PAOLA CAVALIERI (1) | 9. SIMONA RUSSO (1) | 10. SIMONA SORTINO (1),municipio3_2021
223,91,0.21311475409836064,1. LORENZO SPIZZICHINO (8) | 2. PAOLA CAVALIERI (7) | 3. FEDERICA RAMPINI (4) | 4. FILIPPO MARIA LAGUZZI (2) | 5. SIMONA SORTINO (2) | 6. ANTONIO COMITO (1) | 7. MATTEO PIETROSANTE (1) | 8. MONICA MAGGI (1) | 9. SILVIA DE ROSA (1) | 10. CESARE ALFIDI (0),municipio3_2021
224,78,0.1625,1. SILVIA DE ROSA (4) | 2. FILIPPO MARIA LAGUZZI (3) | 3. FEDERICA RAMPINI (2) | 4. LORENZO SPIZZICHINO (2) | 5. MARIA ANTONIETTA DEL MORO (2) | 6. NASTASSJA HABDANK (2) | 7. ROBERTO CASAMENTO (2) | 8. SIMONA SORTINO (2) | 9. CESARE ALFIDI (1) | 10. LUIGI MAIO (1),municipio3_2021
225,94,0.1551155115511551,1. SILVIA DE ROSA (8) | 2. LORENZO SPIZZICHINO (7) | 3. FEDERICA RAMPINI (5) | 4. FILIPPO MARIA LAGUZZI (4) | 5. PAOLA CAVALIERI (4) | 6. MIRKO MANFRE' (3) | 7. GABRIELE CARRADORI (2) | 8. MATTEO PIETROSANTE (2) | 9. MONICA MAGGI (2) | 10. SIMONA SORTINO (2),municipio3_2021
226,95,0.15224358974358973,1. FILIPPO MARIA LAGUZZI (7) | 2. FEDERICA RAMPINI (6) | 3. MARIA ANTONIETTA DEL MORO (6) | 4. MARIA TERESA ELLUL (3) | 5. MATTEO PIETROSANTE (3) | 6. LORENZO SPIZZICHINO (2) | 7. LUIGI MAIO (2) | 8. ROBERTO CASAMENTO (2) | 9. GABRIELE MICHELI (1) | 10. MIRKO MANFRE' (1),municipio3_2021
227,63,0.18155619596541786,1. LUIGI MAIO (8) | 2. FEDERICA RAMPINI (4) | 3. ROBERTO CASAMENTO (4) | 4. FILIPPO MARIA LAGUZZI (3) | 5. LORENZO SPIZZICHINO (2) | 6. MONICA MAGGI (2) | 7. NICOLETTA FUNGHI (2) | 8. PAOLA CAVALIERI (2) | 9. GABRIELE CARRADORI (1) | 10. MIRKO MANFRE' (1),municipio3_2021
228,81,0.19471153846153846,1. FEDERICA RAMPINI (5) | 2. LUIGI MAIO (5) | 3. NICOLETTA FUNGHI (4) | 4. FILIPPO MARIA LAGUZZI (3) | 5. MATTEO PIETROSANTE (3) | 6. SIMONA SORTINO (2) | 7. CESARE ALFIDI (1) | 8. GABRIELE CARRADORI (1) | 9. MARIA ANTONIETTA DEL MORO (1) | 10. MIRKO MANFRE' (1),municipio3_2021
229,88,0.1934065934065934,1. GABRIELE CARRADORI (10) | 2. NICOLETTA FUNGHI (8) | 3. FEDERICA RAMPINI (5) | 4. FILIPPO MARIA LAGUZZI (5) | 5. CESARE ALFIDI (2) | 6. MATTEO PIETROSANTE (2) | 7. MIRKO MANFRE' (2) | 8. SIMONETTA ANACLERIO (2) | 9. LORENZO SPIZZICHINO (1) | 10. LUIGI MAIO (1),municipio3_2021
230,89,0.18350515463917524,1. NICOLETTA FUNGHI (7) | 2. LUIGI MAIO (4) | 3. FILIPPO MARIA LAGUZZI (3) | 4. GABRIELE CARRADORI (2) | 5. ITALO DELLA BELLA (2) | 6. SILVIA DE ROSA (2) | 7. CESARE ALFIDI (1) | 8. MARIA ANTONIETTA DEL MORO (1) | 9. MATTEO PIETROSANTE (1) | 10. NASTASSJA HABDANK (1),municipio3_2021
231,102,0.2361111111111111,1. MATTEO PIETROSANTE (7) | 2. NASTASSJA HABDANK (7) | 3. GABRIELE CARRADORI (3) | 4. LUIGI MAIO (3) | 5. ANTONIO COMITO (2) | 6. MIRKO MANFRE' (2) | 7. ROBERTO CASAMENTO (2) | 8. FEDERICA RAMPINI (1) | 9. MARIA ANTONIETTA DEL MORO (1) | 10. NICOLETTA FUNGHI (1),municipio3_2021
232,71,0.16435185185185186,1. FEDERICA RAMPINI (4) | 2. LUIGI MAIO (4) | 3. GABRIELE CARRADORI (2) | 4. NICOLETTA FUNGHI (2) | 5. ANTONIO COMITO (1) | 6. SILVIA DE ROSA (1) | 7. SIMONA RUSSO (1) | 8. CESARE ALFIDI (0) | 9. FILIPPO MARIA LAGUZZI (0) | 10. FRANCESCO MANCINO (0),municipio3_2021
233,107,0.19851576994434136,1. LUIGI MAIO (13) | 2. FEDERICA RAMPINI (12) | 3. NICOLETTA FUNGHI (5) | 4. MATTEO PIETROSANTE (4) | 5. FILIPPO MARIA LAGUZZI (3) | 6. MIRKO MANFRE' (3) | 7. ORNELLA LOVELLO (3) | 8. MARIA ANTONIETTA DEL MORO (2) | 9. NASTASSJA HABDANK (2) | 10. GABRIELE CARRADORI (1),municipio3_2021
234,82,0.15619047619047619,1. FEDERICA RAMPINI (10) | 2. ROBERTO CASAMENTO (4) | 3. SIMONA SORTINO (3) | 4. CESARE ALFIDI (2) | 5. FILIPPO MARIA LAGUZZI (2) | 6. LORENZO SPIZZICHINO (2) | 7. PAOLA CAVALIERI (2) | 8. LUIGI MAIO (1) | 9. MARIA ANTONIETTA DEL MORO (1) | 10. MATTEO PIETROSANTE (1),municipio3_2021
235,105,0.1891891891891892,1. LUIGI MAIO (8) | 2. FILIPPO MARIA LAGUZZI (7) | 3. FEDERICA RAMPINI (6) | 4. ORNELLA LOVELLO (5) | 5. LORENZO SPIZZICHINO (4) | 6. SIMONA SORTINO (4) | 7. MIRKO MANFRE' (3) | 8. ANTONIO COMITO (2) | 9. MARIA ANTONIETTA DEL MORO (2) | 10. NASTASSJA HABDANK (2),municipio3_2021
264,61,0.17183098591549295,1. LUIGI MAIO (9) | 2. FEDERICA RAMPINI (6) | 3. FRANCESCO MANCINO (4) | 4. GABRIELE CARRADORI (2) | 5. NASTASSJA HABDANK (2) | 6. ANTONIO COMITO (1) | 7. CESARE ALFIDI (1) | 8. FILIPPO MARIA LAGUZZI (1) | 9. GABRIELE MICHELI (1) | 10. MARIA TERESA ELLUL (1),municipio3_2021
285,145,0.23500810372771475,1. ITALO DELLA BELLA (35) | 2. LORENZO SPIZZICHINO (17) | 3. PAOLA CAVALIERI (12) | 4. NASTASSJA HABDANK (11) | 5. FILIPPO MARIA LAGUZZI (9) | 6. MATTEO PIETROSANTE (8) | 7. FEDERICA RAMPINI (6) | 8. SIMONA RUSSO (5) | 9. GABRIELE CARRADORI (4) | 10. MARIA ANTONIETTA DEL MORO (4),municipio3_2021
286,108,0.22929936305732485,1. NASTASSJA HABDANK (12) | 2. MATTEO PIETROSANTE (11) | 3. ROBERTO CASAMENTO (10) | 4. ITALO DELLA BELLA (9) | 5. PAOLA CAVALIERI (9) | 6. MONICA MAGGI (7) | 7. LORENZO SPIZZICHINO (5) | 8. FILIPPO MARIA LAGUZZI (4) | 9. SIMONA RUSSO (4) | 10. FEDERICA RAMPINI (3),municipio3_2021
287,96,0.2376237623762376,1. ITALO DELLA BELLA (39) | 2. FILIPPO MARIA LAGUZZI (6) | 3. PAOLA CAVALIERI (5) | 4. SIMONETTA ANACLERIO (5) | 5. LORENZO SPIZZICHINO (4) | 6. MARIA TERESA ELLUL (4) | 7. NASTASSJA HABDANK (4) | 8. FEDERICA RAMPINI (3) | 9. SIMONA RUSSO (3) | 10. ORNELLA LOVELLO (2),municipio3_2021
288,104,0.3132530120481928,1. ITALO DELLA BELLA (21) | 2. SIMONETTA ANACLERIO (17) | 3. FILIPPO MARIA LAGUZZI (11) | 4. LORENZO SPIZZICHINO (10) | 5. MATTEO PIETROSANTE (7) | 6. MONICA MAGGI (7) | 7. NASTASSJA HABDANK (7) | 8. PAOLA CAVALIERI (5) | 9. FEDERICA RAMPINI (4) | 10. MARIA TERESA ELLUL (3),municipio3_2021
289,131,0.3659217877094972,1. ITALO DELLA BELLA (37) | 2. LORENZO SPIZZICHINO (11) | 3. PAOLA CAVALIERI (10) | 4. ANTONIO COMITO (7) | 5. NASTASSJA HABDANK (7) | 6. SIMONA RUSSO (6) | 7. FEDERICA RAMPINI (5) | 8. FILIPPO MARIA LAGUZZI (4) | 9. MATTEO PIETROSANTE (3) | 10. MONICA MAGGI (3),municipio3_2021
290,135,0.26011560693641617,1. ITALO DELLA BELLA (23) | 2. NASTASSJA HABDANK (11) | 3. PAOLA CAVALIERI (11) | 4. SIMONETTA ANACLERIO (10) | 5. FILIPPO MARIA LAGUZZI (9) | 6. LORENZO SPIZZICHINO (9) | 7. ROBERTO CASAMENTO (9) | 8. MATTEO PIETROSANTE (6) | 9. FEDERICA RAMPINI (5) | 10. ANTONIO COMITO (4),municipio3_2021
291,91,0.2017738359201774,1. LORENZO SPIZZICHINO (20) | 2. PAOLA CAVALIERI (18) | 3. ITALO DELLA BELLA (5) | 4. NASTASSJA HABDANK (3) | 5. NICOLETTA FUNGHI (3) | 6. GABRIELE MICHELI (2) | 7. LUIGI MAIO (2) | 8. MATTEO PIETROSANTE (2) | 9. MONICA MAGGI (2) | 10. CESARE ALFIDI (1),municipio3_2021
292,57,0.1986062717770035,1. LORENZO SPIZZICHINO (5) | 2. PAOLA CAVALIERI (4) | 3. NASTASSJA HABDANK (3) | 4. SIMONA SORTINO (3) | 5. FEDERICA RAMPINI (2) | 6. FILIPPO MARIA LAGUZZI (2) | 7. ITALO DELLA BELLA (2) | 8. MATTEO PIETROSANTE (2) | 9. ANTONIO COMITO (1) | 10. CESARE ALFIDI (1),municipio3_2021
293,74,0.1962864721485411,1. ROBERTO CASAMENTO (7) | 2. FILIPPO MARIA LAGUZZI (6) | 3. FEDERICA RAMPINI (5) | 4. NASTASSJA HABDANK (5) | 5. LORENZO SPIZZICHINO (4) | 6. PAOLA CAVALIERI (4) | 7. CESARE ALFIDI (3) | 8. SIMONA SORTINO (3) | 9. MARIA TERESA ELLUL (2) | 10. SILVIA DE ROSA (2),municipio3_2021
294,127,0.3175,1. LORENZO SPIZZICHINO (13) | 2. ITALO DELLA BELLA (9) | 3. MARIA TERESA ELLUL (9) | 4. PAOLA CAVALIERI (8) | 5. ORNELLA LOVELLO (6) | 6. ANTONIO COMITO (5) | 7. FEDERICA RAMPINI (5) | 8. FILIPPO MARIA LAGUZZI (5) | 9. NICOLETTA FUNGHI (5) | 10. MARIA ANTONIETTA DEL MORO (3),municipio3_2021
295,98,0.2578947368421053,1. LORENZO SPIZZICHINO (29) | 2. PAOLA CAVALIERI (18) | 3. ITALO DELLA BELLA (6) | 4. NASTASSJA HABDANK (5) | 5. MATTEO PIETROSANTE (4) | 6. FEDERICA RAMPINI (2) | 7. MARIA TERESA ELLUL (2) | 8. FILIPPO MARIA LAGUZZI (1) | 9. ORNELLA LOVELLO (1) | 10. SILVIA DE ROSA (1),municipio3_2021
296,101,0.25569620253164554,1. FEDERICA RAMPINI (6) | 2. ITALO DELLA BELLA (6) | 3. NICOLETTA FUNGHI (5) | 4. PAOLA CAVALIERI (5) | 5. FILIPPO MARIA LAGUZZI (4) | 6. LORENZO SPIZZICHINO (4) | 7. MARIA TERESA ELLUL (4) | 8. ANTONIO COMITO (2) | 9. MATTEO PIETROSANTE (2) | 10. NASTASSJA HABDANK (2),municipio3_2021
297,94,0.22169811320754718,1. LORENZO SPIZZICHINO (16) | 2. ITALO DELLA BELLA (10) | 3. PAOLA CAVALIERI (8) | 4. NASTASSJA HABDANK (6) | 5. FILIPPO MARIA LAGUZZI (5) | 6. MATTEO PIETROSANTE (4) | 7. ORNELLA LOVELLO (4) | 8. ANTONIO COMITO (3) | 9. FRANCESCO MANCINO (3) | 10. CESARE ALFIDI (2),municipio3_2021
298,112,0.2440087145969499,1. LORENZO SPIZZICHINO (17) | 2. ANTONIO COMITO (6) | 3. FILIPPO MARIA LAGUZZI (6) | 4. ROBERTO CASAMENTO (6) | 5. FEDERICA RAMPINI (5) | 6. GABRIELE MICHELI (5) | 7. MARIA TERESA ELLUL (3) | 8. NICOLETTA FUNGHI (3) | 9. PAOLA CAVALIERI (3) | 10. FRANCESCO MANCINO (2),municipio3_2021
299,56,0.21212121212121213,1. LORENZO SPIZZICHINO (12) | 2. FILIPPO MARIA LAGUZZI (4) | 3. NASTASSJA HABDANK (4) | 4. MARIA TERESA ELLUL (3) | 5. PAOLA CAVALIERI (3) | 6. ANTONIO COMITO (2) | 7. GABRIELE MICHELI (2) | 8. FEDERICA RAMPINI (1) | 9. MATTEO PIETROSANTE (1) | 10. MONICA MAGGI (1),municipio3_2021
300,121,0.2636165577342048,1. GABRIELE MICHELI (13) | 2. LORENZO SPIZZICHINO (12) | 3. NASTASSJA HABDANK (11) | 4. FILIPPO MARIA LAGUZZI (8) | 5. ROBERTO CASAMENTO (6) | 6. PAOLA CAVALIERI (5) | 7. MARIA TERESA ELLUL (4) | 8. ANTONIO COMITO (3) | 9. MATTEO PIETROSANTE (3) | 10. ITALO DELLA BELLA (2),municipio3_2021
301,97,0.24556962025316456,1. LORENZO SPIZZICHINO (26) | 2. PAOLA CAVALIERI (16) | 3. ITALO DELLA BELLA (5) | 4. ROBERTO CASAMENTO (4) | 5. FEDERICA RAMPINI (3) | 6. FILIPPO MARIA LAGUZZI (3) | 7. NASTASSJA HABDANK (2) | 8. GABRIELE MICHELI (1) | 9. ANTONIO COMITO (0) | 10. CESARE ALFIDI (0),municipio3_2021
302,105,0.257985257985258,1. LORENZO SPIZZICHINO (9) | 2. PAOLA CAVALIERI (6) | 3. MARIA ANTONIETTA DEL MORO (3) | 4. NICOLETTA FUNGHI (3) | 5. FEDERICA RAMPINI (2) | 6. FILIPPO MARIA LAGUZZI (2) | 7. GABRIELE CARRADORI (2) | 8. ITALO DELLA BELLA (2) | 9. SIMONA RUSSO (2) | 10. ANTONIO COMITO (1),municipio3_2021
303,62,0.17415730337078653,1. LORENZO SPIZZICHINO (7) | 2. PAOLA CAVALIERI (7) | 3. GABRIELE MICHELI (3) | 4. NASTASSJA HABDANK (3) | 5. ANTONIO COMITO (2) | 6. FILIPPO MARIA LAGUZZI (2) | 7. LUIGI MAIO (2) | 8. MARIA TERESA ELLUL (2) | 9. FEDERICA RAMPINI (1) | 10. MARIA ANTONIETTA DEL MORO (1),municipio3_2021
304,60,0.17647058823529413,1. FILIPPO MARIA LAGUZZI (6) | 2. LORENZO SPIZZICHINO (6) | 3. PAOLA CAVALIERI (6) | 4. ANTONIO COMITO (4) | 5. GABRIELE MICHELI (4) | 6. NICOLETTA FUNGHI (4) | 7. SIMONETTA ANACLERIO (4) | 8. ORNELLA LOVELLO (2) | 9. ROBERTO CASAMENTO (2) | 10. FEDERICA RAMPINI (1),municipio3_2021
305,70,0.19718309859154928,1. LORENZO SPIZZICHINO (7) | 2. NASTASSJA HABDANK (4) | 3. GABRIELE MICHELI (3) | 4. SIMONA SORTINO (3) | 5. ITALO DELLA BELLA (2) | 6. MATTEO PIETROSANTE (2) | 7. PAOLA CAVALIERI (2) | 8. ANTONIO COMITO (1) | 9. FEDERICA RAMPINI (1) | 10. FILIPPO MARIA LAGUZZI (1),municipio3_2021
306,55,0.18394648829431437,1. FILIPPO MARIA LAGUZZI (8) | 2. FEDERICA RAMPINI (6) | 3. ANTONIO COMITO (2) | 4. FRANCESCO MANCINO (2) | 5. MARIA TERESA ELLUL (2) | 6. NASTASSJA HABDANK (1) | 7. PAOLA CAVALIERI (1) | 8. CESARE ALFIDI (0) | 9. GABRIELE CARRADORI (0) | 10. GABRIELE MICHELI (0),municipio3_2021
307,60,0.1986754966887417,1. FEDERICA RAMPINI (4) | 2. FILIPPO MARIA LAGUZZI (4) | 3. ITALO DELLA BELLA (4) | 4. MARIA TERESA ELLUL (3) | 5. FRANCESCO MANCINO (2) | 6. NICOLETTA FUNGHI (2) | 7. GABRIELE MICHELI (1) | 8. LUIGI MAIO (1) | 9. MATTEO PIETROSANTE (1) | 10. NASTASSJA HABDANK (1),municipio3_2021
308,116,0.27358490566037735,1. FILIPPO MARIA LAGUZZI (25) | 2. FEDERICA RAMPINI (19) | 3. NASTASSJA HABDANK (5) | 4. LORENZO SPIZZICHINO (4) | 5. SIMONA SORTINO (4) | 6. MARIA TERESA ELLUL (3) | 7. PAOLA CAVALIERI (3) | 8. ANTONIO COMITO (1) | 9. CESARE ALFIDI (1) | 10. GABRIELE MICHELI (1),municipio3_2021
309,85,0.17708333333333334,1. FILIPPO MARIA LAGUZZI (12) | 2. FEDERICA RAMPINI (7) | 3. LORENZO SPIZZICHINO (7) | 4. GABRIELE MICHELI (5) | 5. PAOLA CAVALIERI (4) | 6. MARIA TERESA ELLUL (3) | 7. SIMONA SORTINO (3) | 8. GABRIELE CARRADORI (1) | 9. ITALO DELLA BELLA (1) | 10. MARIA ANTONIETTA DEL MORO (1),municipio3_2021
310,166,0.27712854757929883,1. FILIPPO MARIA LAGUZZI (50) | 2. FEDERICA RAMPINI (34) | 3. NASTASSJA HABDANK (10) | 4. LORENZO SPIZZICHINO (3) | 5. MATTEO PIETROSANTE (3) | 6. FRANCESCO MANCINO (2) | 7. GABRIELE CARRADORI (2) | 8. ITALO DELLA BELLA (2) | 9. ORNELLA LOVELLO (2) | 10. SILVIA DE ROSA (2),municipio3_2021
312,91,0.19956140350877194,1. MATTEO PIETROSANTE (9) | 2. FILIPPO MARIA LAGUZZI (8) | 3. NASTASSJA HABDANK (7) | 4. FEDERICA RAMPINI (6) | 5. GABRIELE CARRADORI (6) | 6. NICOLETTA FUNGHI (6) | 7. PAOLA CAVALIERI (5) | 8. MARIA TERESA ELLUL (3) | 9. LORENZO SPIZZICHINO (2) | 10. ORNELLA LOVELLO (2),municipio3_2021
313,46,0.12849162011173185,1. FILIPPO MARIA LAGUZZI (11) | 2. FEDERICA RAMPINI (5) | 3. MATTEO PIETROSANTE (3) | 4. NASTASSJA HABDANK (3) | 5. SIMONETTA ANACLERIO (2) | 6. FRANCESCO MANCINO (1) | 7. GABRIELE CARRADORI (1) | 8. GABRIELE MICHELI (1) | 9. MONICA MAGGI (1) | 10. NICOLETTA FUNGHI (1),municipio3_2021
315,96,0.24242424242424243,1. FILIPPO MARIA LAGUZZI (8) | 2. FEDERICA RAMPINI (6) | 3. LORENZO SPIZZICHINO (6) | 4. ITALO DELLA BELLA (5) | 5. NASTASSJA HABDANK (5) | 6. NICOLETTA FUNGHI (5) | 7. PAOLA CAVALIERI (5) | 8. GABRIELE CARRADORI (3) | 9. ANTONIO COMITO (2) | 10. MIRKO MANFRE' (2),municipio3_2021
316,87,0.22137404580152673,1. FEDERICA RAMPINI (6) | 2. LORENZO SPIZZICHINO (6) | 3. FILIPPO MARIA LAGUZZI (4) | 4. ITALO DELLA BELLA (3) | 5. NASTASSJA HABDANK (3) | 6. MATTEO PIETROSANTE (2) | 7. NICOLETTA FUNGHI (2) | 8. PAOLA CAVALIERI (1) | 9. ANTONIO COMITO (0) | 10. CESARE ALFIDI (0),municipio3_2021
317,110,0.23758099352051837,1. FILIPPO MARIA LAGUZZI (9) | 2. NICOLETTA FUNGHI (7) | 3. FEDERICA RAMPINI (6) | 4. NASTASSJA HABDANK (6) | 5. PAOLA CAVALIERI (6) | 6. ITALO DELLA BELLA (5) | 7. LORENZO SPIZZICHINO (4) | 8. ANTONIO COMITO (3) | 9. GABRIELE CARRADORI (3) | 10. MATTEO PIETROSANTE (3),municipio3_2021
318,80,0.21978021978021978,1. LORENZO SPIZZICHINO (8) | 2. ITALO DELLA BELLA (7) | 3. SIMONA RUSSO (6) | 4. PAOLA CAVALIERI (5) | 5. NICOLETTA FUNGHI (3) | 6. FEDERICA RAMPINI (2) | 7. LUIGI MAIO (2) | 8. MATTEO PIETROSANTE (2) | 9. ANTONIO COMITO (1) | 10. CESARE ALFIDI (1),municipio3_2021
319,41,0.16141732283464566,1. FILIPPO MARIA LAGUZZI (8) | 2. FEDERICA RAMPINI (5) | 3. FRANCESCO MANCINO (4) | 4. ORNELLA LOVELLO (3) | 5. NASTASSJA HABDANK (2) | 6. GABRIELE CARRADORI (1) | 7. NICOLETTA FUNGHI (1) | 8. PAOLA CAVALIERI (1) | 9. ANTONIO COMITO (0) | 10. CESARE ALFIDI (0),municipio3_2021
320,40,0.1652892561983471,1. FEDERICA RAMPINI (5) | 2. GABRIELE CARRADORI (3) | 3. NICOLETTA FUNGHI (2) | 4. PAOLA CAVALIERI (2) | 5. FILIPPO MARIA LAGUZZI (1) | 6. GABRIELE MICHELI (1) | 7. MIRKO MANFRE' (1) | 8. SILVIA DE ROSA (1) | 9. ANTONIO COMITO (0) | 10. CESARE ALFIDI (0),municipio3_2021
321,31,0.14351851851851852,1. FILIPPO MARIA LAGUZZI (3) | 2. GABRIELE CARRADORI (2) | 3. LUIGI MAIO (1) | 4. SIMONA RUSSO (1) | 5. ANTONIO COMITO (0) | 6. CESARE ALFIDI (0) | 7. FEDERICA RAMPINI (0) | 8. FRANCESCO MANCINO (0) | 9. GABRIELE MICHELI (0) | 10. ITALO DELLA BELLA (0),municipio3_2021
322,23,0.13372093023255813,1. FRANCESCO MANCINO (2) | 2. LORENZO SPIZZICHINO (2) | 3. MARIA TERESA ELLUL (2) | 4. SILVIA DE ROSA (1) | 5. SIMONA RUSSO (1) | 6. ANTONIO COMITO (0) | 7. CESARE ALFIDI (0) | 8. FEDERICA RAMPINI (0) | 9. FILIPPO MARIA LAGUZZI (0) | 10. GABRIELE CARRADORI (0),municipio3_2021
323,56,0.16766467065868262,1. NASTASSJA HABDANK (5) | 2. LORENZO SPIZZICHINO (4) | 3. PAOLA CAVALIERI (4) | 4. ROBERTO CASAMENTO (4) | 5. FILIPPO MARIA LAGUZZI (3) | 6. FEDERICA RAMPINI (2) | 7. CESARE ALFIDI (1) | 8. NICOLETTA FUNGHI (1) | 9. SILVIA DE ROSA (1) | 10. SIMONA RUSSO (1),municipio3_2021
324,58,0.15846994535519127,1. NICOLETTA FUNGHI (8) | 2. FILIPPO MARIA LAGUZZI (6) | 3. MARIA TERESA ELLUL (2) | 4. SILVIA DE ROSA (2) | 5. SIMONA RUSSO (2) | 6. CESARE ALFIDI (1) | 7. GABRIELE CARRADORI (1) | 8. ROBERTO CASAMENTO (1) | 9. SIMONA SORTINO (1) | 10. ANTONIO COMITO (0),municipio3_2021
325,64,0.21122112211221122,1. ANTONIO COMITO (5) | 2. FEDERICA RAMPINI (5) | 3. FRANCESCO MANCINO (5) | 4. FILIPPO MARIA LAGUZZI (4) | 5. NASTASSJA HABDANK (3) | 6. NICOLETTA FUNGHI (3) | 7. PAOLA CAVALIERI (3) | 8. GABRIELE CARRADORI (2) | 9. MATTEO PIETROSANTE (2) | 10. SIMONA RUSSO (1),municipio3_2021
326,41,0.14487632508833923,1. FRANCESCO MANCINO (5) | 2. NICOLETTA FUNGHI (3) | 3. GABRIELE CARRADORI (2) | 4. GABRIELE MICHELI (2) | 5. MATTEO PIETROSANTE (2) | 6. PAOLA CAVALIERI (2) | 7. ANTONIO COMITO (1) | 8. FEDERICA RAMPINI (1) | 9. CESARE ALFIDI (0) | 10. FILIPPO MARIA LAGUZZI (0),municipio3_2021
327,43,0.14333333333333334,1. FRANCESCO MANCINO (10) | 2. FEDERICA RAMPINI (2) | 3. FILIPPO MARIA LAGUZZI (2) | 4. MIRKO MANFRE' (2) | 5. GABRIELE CARRADORI (1) | 6. LORENZO SPIZZICHINO (1) | 7. LUIGI MAIO (1) | 8. NASTASSJA HABDANK (1) | 9. NICOLETTA FUNGHI (1) | 10. PAOLA CAVALIERI (1),municipio3_2021
328,76,0.17233560090702948,1. FRANCESCO MANCINO (10) | 2. FEDERICA RAMPINI (4) | 3. FILIPPO MARIA LAGUZZI (2) | 4. MATTEO PIETROSANTE (2) | 5. NASTASSJA HABDANK (2) | 6. PAOLA CAVALIERI (2) | 7. SILVIA DE ROSA (2) | 8. GABRIELE CARRADORI (1) | 9. NICOLETTA FUNGHI (1) | 10. ORNELLA LOVELLO (1),municipio3_2021
329,92,0.20087336244541484,1. FRANCESCO MANCINO (22) | 2. FEDERICA RAMPINI (4) | 3. FILIPPO MARIA LAGUZZI (4) | 4. PAOLA CAVALIERI (4) | 5. ANTONIO COMITO (3) | 6. LORENZO SPIZZICHINO (2) | 7. GABRIELE CARRADORI (1) | 8. MARIA TERESA ELLUL (1) | 9. MATTEO PIETROSANTE (1) | 10. NASTASSJA HABDANK (1),municipio3_2021
330,76,0.15866388308977036,1. FEDERICA RAMPINI (8) | 2. FILIPPO MARIA LAGUZZI (6) | 3. FRANCESCO MANCINO (5) | 4. ROBERTO CASAMENTO (5) | 5. NASTASSJA HABDANK (4) | 6. GABRIELE CARRADORI (3) | 7. NICOLETTA FUNGHI (3) | 8. ORNELLA LOVELLO (3) | 9. MARIA ANTONIETTA DEL MORO (2) | 10. LORENZO SPIZZICHINO (1),municipio3_2021
331,87,0.1518324607329843,1. FILIPPO MARIA LAGUZZI (6) | 2. LORENZO SPIZZICHINO (6) | 3. FEDERICA RAMPINI (4) | 4. FRANCESCO MANCINO (3) | 5. GABRIELE CARRADORI (3) | 6. PAOLA CAVALIERI (3) | 7. ANTONIO COMITO (2) | 8. SILVIA DE ROSA (2) | 9. CESARE ALFIDI (1) | 10. MARIA TERESA ELLUL (1),municipio3_2021
332,71,0.16173120728929385,1. PAOLA CAVALIERI (6) | 2. FRANCESCO MANCINO (5) | 3. GABRIELE CARRADORI (5) | 4. NICOLETTA FUNGHI (5) | 5. FILIPPO MARIA LAGUZZI (4) | 6. LORENZO SPIZZICHINO (3) | 7. ROBERTO CASAMENTO (3) | 8. ANTONIO COMITO (2) | 9. FEDERICA RAMPINI (2) | 10. MARIA ANTONIETTA DEL MORO (1),municipio3_2021
333,50,0.13297872340425532,1. ITALO DELLA BELLA (3) | 2. FRANCESCO MANCINO (2) | 3. LORENZO SPIZZICHINO (2) | 4. NICOLETTA FUNGHI (2) | 5. ORNELLA LOVELLO (2) | 6. PAOLA CAVALIERI (2) | 7. GABRIELE CARRADORI (1) | 8. MATTEO PIETROSANTE (1) | 9. MIRKO MANFRE' (1) | 10. SIMONA SORTINO (1),municipio3_2021
334,68,0.1552511415525114,1. FILIPPO MARIA LAGUZZI (12) | 2. ORNELLA LOVELLO (11) | 3. PAOLA CAVALIERI (7) | 4. FEDERICA RAMPINI (4) | 5. LORENZO SPIZZICHINO (4) | 6. GABRIELE CARRADORI (3) | 7. MARIA ANTONIETTA DEL MORO (2) | 8. NICOLETTA FUNGHI (2) | 9. ANTONIO COMITO (1) | 10. MIRKO MANFRE' (1),municipio3_2021
335,59,0.14081145584725538,1. ORNELLA LOVELLO (7) | 2. NICOLETTA FUNGHI (5) | 3. CESARE ALFIDI (4) | 4. GABRIELE CARRADORI (4) | 5. ANTONIO COMITO (2) | 6. ITALO DELLA BELLA (2) | 7. SIMONA RUSSO (2) | 8. FRANCESCO MANCINO (1) | 9. GABRIELE MICHELI (1) | 10. MIRKO MANFRE' (1),municipio3_2021
336,49,0.12596401028277635,1. FEDERICA RAMPINI (2) | 2. FILIPPO MARIA LAGUZZI (2) | 3. GABRIELE MICHELI (2) | 4. LORENZO SPIZZICHINO (2) | 5. MATTEO PIETROSANTE (2) | 6. NASTASSJA HABDANK (2) | 7. ROBERTO CASAMENTO (2) | 8. ANTONIO COMITO (1) | 9. GABRIELE CARRADORI (1) | 10. ITALO DELLA BELLA (1),municipio3_2021
337,64,0.13882863340563992,1. FRANCESCO MANCINO (5) | 2. ORNELLA LOVELLO (3) | 3. PAOLA CAVALIERI (3) | 4. ITALO DELLA BELLA (2) | 5. NASTASSJA HABDANK (2) | 6. CESARE ALFIDI (1) | 7. FILIPPO MARIA LAGUZZI (1) | 8. GABRIELE CARRADORI (1) | 9. LUIGI MAIO (1) | 10. MATTEO PIETROSANTE (1),municipio3_2021
338,42,0.12138728323699421,1. ITALO DELLA BELLA (4) | 2. SIMONA RUSSO (4) | 3. NASTASSJA HABDANK (3) | 4. ORNELLA LOVELLO (3) | 5. ANTONIO COMITO (2) | 6. FILIPPO MARIA LAGUZZI (2) | 7. MATTEO PIETROSANTE (2) | 8. FEDERICA RAMPINI (1) | 9. GABRIELE CARRADORI (1) | 10. GABRIELE MICHELI (1),municipio3_2021
339,74,0.13405797101449277,1. LORENZO SPIZZICHINO (7) | 2. PAOLA CAVALIERI (5) | 3. ANTONIO COMITO (4) | 4. ORNELLA LOVELLO (4) | 5. GABRIELE CARRADORI (3) | 6. NASTASSJA HABDANK (3) | 7. NICOLETTA FUNGHI (3) | 8. FEDERICA RAMPINI (2) | 9. FILIPPO MARIA LAGUZZI (2) | 10. MATTEO PIETROSANTE (2),municipio3_2021
340,52,0.16828478964401294,1. FRANCESCO MANCINO (5) | 2. SIMONA SORTINO (4) | 3. NASTASSJA HABDANK (3) | 4. LUIGI MAIO (2) | 5. MATTEO PIETROSANTE (2) | 6. FEDERICA RAMPINI (1) | 7. FILIPPO MARIA LAGUZZI (1) | 8. GABRIELE CARRADORI (1) | 9. NICOLETTA FUNGHI (1) | 10. ROBERTO CASAMENTO (1),municipio3_2021
341,21,0.08108108108108109,1. ANTONIO COMITO (2) | 2. FRANCESCO MANCINO (2) | 3. LUIGI MAIO (2) | 4. SIMONA SORTINO (2) | 5. CESARE ALFIDI (1) | 6. FEDERICA RAMPINI (1) | 7. MATTEO PIETROSANTE (1) | 8. FILIPPO MARIA LAGUZZI (0) | 9. GABRIELE CARRADORI (0) | 10. GABRIELE MICHELI (0),municipio3_2021
342,36,0.12162162162162163,1. ANTONIO COMITO (0) | 2. CESARE ALFIDI (0) | 3. FEDERICA RAMPINI (0) | 4. FILIPPO MARIA LAGUZZI (0) | 5. FRANCESCO MANCINO (0) | 6. GABRIELE CARRADORI (0) | 7. GABRIELE MICHELI (0) | 8. ITALO DELLA BELLA (0) | 9. LORENZO SPIZZICHINO (0) | 10. LUIGI MAIO (0),municipio3_2021
343,61,0.15926892950391644,1. ANTONIO COMITO (4) | 2. LORENZO SPIZZICHINO (2) | 3. MATTEO PIETROSANTE (2) | 4. CESARE ALFIDI (1) | 5. MARIA ANTONIETTA DEL MORO (1) | 6. MIRKO MANFRE' (1) | 7. MONICA MAGGI (1) | 8. NASTASSJA HABDANK (1) | 9. ORNELLA LOVELLO (1) | 10. FEDERICA RAMPINI (0),municipio3_2021
344,79,0.18632075471698112,1. PAOLA CAVALIERI (10) | 2. LORENZO SPIZZICHINO (9) | 3. ANTONIO COMITO (4) | 4. FILIPPO MARIA LAGUZZI (4) | 5. NASTASSJA HABDANK (3) | 6. GABRIELE MICHELI (2) | 7. MATTEO PIETROSANTE (2) | 8. MIRKO MANFRE' (2) | 9. ROBERTO CASAMENTO (2) | 10. CESARE ALFIDI (1),municipio3_2021
345,88,0.1981981981981982,1. LORENZO SPIZZICHINO (8) | 2. PAOLA CAVALIERI (8) | 3. FEDERICA RAMPINI (5) | 4. FILIPPO MARIA LAGUZZI (5) | 5. MATTEO PIETROSANTE (2) | 6. NASTASSJA HABDANK (2) | 7. NICOLETTA FUNGHI (2) | 8. ROBERTO CASAMENTO (2) | 9. SIMONA SORTINO (2) | 10. GABRIELE CARRADORI (1),municipio3_2021
346,54,0.1592920353982301,1. NICOLETTA FUNGHI (5) | 2. GABRIELE MICHELI (4) | 3. PAOLA CAVALIERI (4) | 4. SIMONA RUSSO (4) | 5. GABRIELE CARRADORI (3) | 6. ITALO DELLA BELLA (3) | 7. ANTONIO COMITO (2) | 8. MATTEO PIETROSANTE (2) | 9. FEDERICA RAMPINI (1) | 10. MARIA ANTONIETTA DEL MORO (1),municipio3_2021
347,121,0.25854700854700857,1. ANTONIO COMITO (21) | 2. PAOLA CAVALIERI (8) | 3. LORENZO SPIZZICHINO (6) | 4. NASTASSJA HABDANK (6) | 5. FEDERICA RAMPINI (5) | 6. FILIPPO MARIA LAGUZZI (4) | 7. MATTEO PIETROSANTE (4) | 8. ROBERTO CASAMENTO (4) | 9. MARIA ANTONIETTA DEL MORO (3) | 10. ORNELLA LOVELLO (3),municipio3_2021
348,120,0.25052192066805845,1. LORENZO SPIZZICHINO (14) | 2. FEDERICA RAMPINI (11) | 3. FILIPPO MARIA LAGUZZI (7) | 4. PAOLA CAVALIERI (5) | 5. NASTASSJA HABDANK (4) | 6. MATTEO PIETROSANTE (3) | 7. ROBERTO CASAMENTO (3) | 8. MARIA ANTONIETTA DEL MORO (2) | 9. FRANCESCO MANCINO (1) | 10. GABRIELE CARRADORI (1),municipio3_2021
349,117,0.24173553719008264,1. SIMONA SORTINO (11) | 2. LORENZO SPIZZICHINO (6) | 3. ANTONIO COMITO (5) | 4. FEDERICA RAMPINI (5) | 5. FILIPPO MARIA LAGUZZI (5) | 6. NASTASSJA HABDANK (4) | 7. ITALO DELLA BELLA (3) | 8. FRANCESCO MANCINO (2) | 9. GABRIELE CARRADORI (2) | 10. MONICA MAGGI (2),municipio3_2021
350,36,0.1643835616438356,1. GABRIELE CARRADORI (3) | 2. LORENZO SPIZZICHINO (2) | 3. NICOLETTA FUNGHI (2) | 4. PAOLA CAVALIERI (2) | 5. ANTONIO COMITO (1) | 6. ROBERTO CASAMENTO (1) | 7. SIMONETTA ANACLERIO (1) | 8. CESARE ALFIDI (0) | 9. FEDERICA RAMPINI (0) | 10. FILIPPO MARIA LAGUZZI (0),municipio3_2021
351,135,0.24545454545454545,1. FEDERICA RAMPINI (51) | 2. FILIPPO MARIA LAGUZZI (34) | 3. GABRIELE MICHELI (9) | 4. PAOLA CAVALIERI (7) | 5. LORENZO SPIZZICHINO (4) | 6. SIMONA SORTINO (4) | 7. CESARE ALFIDI (3) | 8. FRANCESCO MANCINO (3) | 9. NASTASSJA HABDANK (3) | 10. ANTONIO COMITO (2),municipio3_2021
352,101,0.19573643410852712,1. FEDERICA RAMPINI (8) | 2. ANTONIO COMITO (7) | 3. CESARE ALFIDI (4) | 4. MARIA ANTONIETTA DEL MORO (4) | 5. NASTASSJA HABDANK (4) | 6. NICOLETTA FUNGHI (4) | 7. GABRIELE CARRADORI (3) | 8. GABRIELE MICHELI (3) | 9. LORENZO SPIZZICHINO (3) | 10. ROBERTO CASAMENTO (2),municipio3_2021
353,59,0.1486146095717884,1. FEDERICA RAMPINI (5) | 2. ANTONIO COMITO (4) | 3. FRANCESCO MANCINO (4) | 4. FILIPPO MARIA LAGUZZI (3) | 5. GABRIELE CARRADORI (2) | 6. MARIA TERESA ELLUL (2) | 7. NICOLETTA FUNGHI (2) | 8. CESARE ALFIDI (1) | 9. GABRIELE MICHELI (1) | 10. MATTEO PIETROSANTE (1),municipio3_2021
354,52,0.16199376947040497,1. ANTONIO COMITO (4) | 2. GABRIELE CARRADORI (3) | 3. NICOLETTA FUNGHI (3) | 4. LUIGI MAIO (2) | 5. SIMONA RUSSO (2) | 6. CESARE ALFIDI (1) | 7. LORENZO SPIZZICHINO (1) | 8. MARIA ANTONIETTA DEL MORO (1) | 9. NASTASSJA HABDANK (1) | 10. PAOLA CAVALIERI (1),municipio3_2021
355,66,0.15102974828375287,1. FEDERICA RAMPINI (3) | 2. FILIPPO MARIA LAGUZZI (3) | 3. MATTEO PIETROSANTE (3) | 4. ANTONIO COMITO (2) | 5. FRANCESCO MANCINO (2) | 6. CESARE ALFIDI (1) | 7. GABRIELE CARRADORI (1) | 8. GABRIELE MICHELI (1) | 9. LORENZO SPIZZICHINO (1) | 10. NICOLETTA FUNGHI (1),municipio3_2021
356,43,0.1799163179916318,1. SILVIA DE ROSA (11) | 2. NICOLETTA FUNGHI (5) | 3. FILIPPO MARIA LAGUZZI (4) | 4. FEDERICA RAMPINI (1) | 5. GABRIELE CARRADORI (1) | 6. ANTONIO COMITO (0) | 7. CESARE ALFIDI (0) | 8. FRANCESCO MANCINO (0) | 9. GABRIELE MICHELI (0) | 10. ITALO DELLA BELLA (0),municipio3_2021
357,58,0.145,1. SILVIA DE ROSA (25) | 2. FILIPPO MARIA LAGUZZI (9) | 3. LORENZO SPIZZICHINO (3) | 4. ROBERTO CASAMENTO (3) | 5. MIRKO MANFRE' (2) | 6. ORNELLA LOVELLO (2) | 7. SIMONA RUSSO (2) | 8. GABRIELE CARRADORI (1) | 9. NICOLETTA FUNGHI (1) | 10. ANTONIO COMITO (0),municipio3_2021
358,132,0.2336283185840708,1. SILVIA DE ROSA (75) | 2. FILIPPO MARIA LAGUZZI (16) | 3. MATTEO PIETROSANTE (4) | 4. FEDERICA RAMPINI (3) | 5. NASTASSJA HABDANK (3) | 6. LORENZO SPIZZICHINO (2) | 7. NICOLETTA FUNGHI (2) | 8. ANTONIO COMITO (1) | 9. GABRIELE CARRADORI (1) | 10. MARIA ANTONIETTA DEL MORO (1),municipio3_2021
359,87,0.21641791044776118,1. SILVIA DE ROSA (36) | 2. FILIPPO MARIA LAGUZZI (14) | 3. GABRIELE CARRADORI (4) | 4. NICOLETTA FUNGHI (4) | 5. FEDERICA RAMPINI (2) | 6. GABRIELE MICHELI (2) | 7. ITALO DELLA BELLA (1) | 8. MARIA TERESA ELLUL (1) | 9. ROBERTO CASAMENTO (1) | 10. ANTONIO COMITO (0),municipio3_2021
360,54,0.11203319502074689,1. LORENZO SPIZZICHINO (4) | 2. FEDERICA RAMPINI (3) | 3. FILIPPO MARIA LAGUZZI (3) | 4. SIMONA RUSSO (3) | 5. FRANCESCO MANCINO (2) | 6. GABRIELE MICHELI (1) | 7. ORNELLA LOVELLO (1) | 8. ANTONIO COMITO (0) | 9. CESARE ALFIDI (0) | 10. GABRIELE CARRADORI (0),municipio3_2021
361,61,0.14558472553699284,1. LUIGI MAIO (4) | 2. FEDERICA RAMPINI (2) | 3. NASTASSJA HABDANK (2) | 4. ITALO DELLA BELLA (1) | 5. MATTEO PIETROSANTE (1) | 6. ROBERTO CASAMENTO (1) | 7. SIMONA SORTINO (1) | 8. ANTONIO COMITO (0) | 9. CESARE ALFIDI (0) | 10. FILIPPO MARIA LAGUZZI (0),municipio3_2021
362,67,0.13900414937759337,1. FEDERICA RAMPINI (6) | 2. GABRIELE CARRADORI (6) | 3. NICOLETTA FUNGHI (6) | 4. SIMONA RUSSO (4) | 5. FRANCESCO MANCINO (3) | 6. LUIGI MAIO (2) | 7. FILIPPO MARIA LAGUZZI (1) | 8. MARIA TERESA ELLUL (1) | 9. MATTEO PIETROSANTE (1) | 10. NASTASSJA HABDANK (1),municipio3_2021
363,71,0.15536105032822758,1. FEDERICA RAMPINI (4) | 2. MIRKO MANFRE' (3) | 3. MONICA MAGGI (3) | 4. NASTASSJA HABDANK (3) | 5. NICOLETTA FUNGHI (3) | 6. ITALO DELLA BELLA (2) | 7. LUIGI MAIO (2) | 8. ORNELLA LOVELLO (2) | 9. ROBERTO CASAMENTO (2) | 10. SIMONA RUSSO (2),municipio3_2021
364,51,0.13858695652173914,1. MATTEO PIETROSANTE (5) | 2. SIMONA SORTINO (4) | 3. FILIPPO MARIA LAGUZZI (2) | 4. NASTASSJA HABDANK (2) | 5. PAOLA CAVALIERI (2) | 6. ANTONIO COMITO (1) | 7. FEDERICA RAMPINI (1) | 8. FRANCESCO MANCINO (1) | 9. LORENZO SPIZZICHINO (1) | 10. MARIA ANTONIETTA DEL MORO (1),municipio3_2021
365,103,0.15968992248062017,1. NICOLETTA FUNGHI (11) | 2. FILIPPO MARIA LAGUZZI (8) | 3. SIMONA SORTINO (7) | 4. FEDERICA RAMPINI (4) | 5. GABRIELE CARRADORI (4) | 6. LUIGI MAIO (3) | 7. ANTONIO COMITO (2) | 8. CESARE ALFIDI (2) | 9. ORNELLA LOVELLO (2) | 10. PAOLA CAVALIERI (2),municipio3_2021
366,108,0.22594142259414227,1. CESARE ALFIDI (30) | 2. FEDERICA RAMPINI (11) | 3. MATTEO PIETROSANTE (6) | 4. SIMONA SORTINO (5) | 5. FILIPPO MARIA LAGUZZI (4) | 6. NASTASSJA HABDANK (3) | 7. LORENZO SPIZZICHINO (2) | 8. LUIGI MAIO (2) | 9. MARIA ANTONIETTA DEL MORO (2) | 10. ANTONIO COMITO (1),municipio3_2021
367,68,0.16,1. NICOLETTA FUNGHI (6) | 2. GABRIELE CARRADORI (5) | 3. GABRIELE MICHELI (5) | 4. LORENZO SPIZZICHINO (2) | 5. CESARE ALFIDI (1) | 6. MARIA ANTONIETTA DEL MORO (1) | 7. SIMONA SORTINO (1) | 8. ANTONIO COMITO (0) | 9. FEDERICA RAMPINI (0) | 10. FILIPPO MARIA LAGUZZI (0),municipio3_2021
368,63,0.20930232558139536,1. CESARE ALFIDI (7) | 2. FILIPPO MARIA LAGUZZI (5) | 3. FEDERICA RAMPINI (4) | 4. GABRIELE CARRADORI (4) | 5. LORENZO SPIZZICHINO (3) | 6. MATTEO PIETROSANTE (3) | 7. NASTASSJA HABDANK (3) | 8. SIMONETTA ANACLERIO (3) | 9. ROBERTO CASAMENTO (2) | 10. ITALO DELLA BELLA (1),municipio3_2021
369,48,0.15384615384615385,1. ANTONIO COMITO (0) | 2. CESARE ALFIDI (0) | 3. FEDERICA RAMPINI (0) | 4. FILIPPO MARIA LAGUZZI (0) | 5. FRANCESCO MANCINO (0) | 6. GABRIELE CARRADORI (0) | 7. GABRIELE MICHELI (0) | 8. ITALO DELLA BELLA (0) | 9. LORENZO SPIZZICHINO (0) | 10. LUIGI MAIO (0),municipio3_2021
370,34,0.12546125461254612,1. FEDERICA RAMPINI (3) | 2. FILIPPO MARIA LAGUZZI (2) | 3. GABRIELE MICHELI (2) | 4. ORNELLA LOVELLO (2) | 5. ANTONIO COMITO (1) | 6. CESARE ALFIDI (1) | 7. NASTASSJA HABDANK (1) | 8. SIMONA SORTINO (1) | 9. FRANCESCO MANCINO (0) | 10. GABRIELE CARRADORI (0),municipio3_2021
371,32,0.12213740458015267,1. GABRIELE MICHELI (4) | 2. NASTASSJA HABDANK (3) | 3. FRANCESCO MANCINO (2) | 4. GABRIELE CARRADORI (1) | 5. NICOLETTA FUNGHI (1) | 6. SIMONA SORTINO (1) | 7. ANTONIO COMITO (0) | 8. CESARE ALFIDI (0) | 9. FEDERICA RAMPINI (0) | 10. FILIPPO MARIA LAGUZZI (0),municipio3_2021
372,52,0.1326530612244898,1. FEDERICA RAMPINI (4) | 2. NICOLETTA FUNGHI (3) | 3. SIMONA RUSSO (2) | 4. LUIGI MAIO (1) | 5. MIRKO MANFRE' (1) | 6. NASTASSJA HABDANK (1) | 7. ANTONIO COMITO (0) | 8. CESARE ALFIDI (0) | 9. FILIPPO MARIA LAGUZZI (0) | 10. FRANCESCO MANCINO (0),municipio3_2021
373,105,0.19056261343012704,1. SIMONA RUSSO (31) | 2. GABRIELE CARRADORI (9) | 3. NICOLETTA FUNGHI (9) | 4. FEDERICA RAMPINI (6) | 5. ROBERTO CASAMENTO (6) | 6. FRANCESCO MANCINO (5) | 7. NASTASSJA HABDANK (5) | 8. FILIPPO MARIA LAGUZZI (3) | 9. ANTONIO COMITO (2) | 10. LORENZO SPIZZICHINO (2),municipio3_2021
374,107,0.22199170124481327,1. SIMONA RUSSO (36) | 2. NICOLETTA FUNGHI (10) | 3. FEDERICA RAMPINI (9) | 4. FILIPPO MARIA LAGUZZI (9) | 5. GABRIELE CARRADORI (8) | 6. FRANCESCO MANCINO (5) | 7. MATTEO PIETROSANTE (4) | 8. NASTASSJA HABDANK (4) | 9. LORENZO SPIZZICHINO (3) | 10. PAOLA CAVALIERI (3),municipio3_2021
375,67,0.17866666666666667,1. SIMONA RUSSO (12) | 2. GABRIELE CARRADORI (7) | 3. NICOLETTA FUNGHI (6) | 4. MARIA TERESA ELLUL (5) | 5. FEDERICA RAMPINI (3) | 6. LORENZO SPIZZICHINO (3) | 7. LUIGI MAIO (3) | 8. SILVIA DE ROSA (3) | 9. FRANCESCO MANCINO (1) | 10. PAOLA CAVALIERI (1),municipio3_2021
856,81,0.17124735729386892,1. FEDERICA RAMPINI (14) | 2. FILIPPO MARIA LAGUZZI (6) | 3. LUIGI MAIO (6) | 4. NICOLETTA FUNGHI (6) | 5. GABRIELE CARRADORI (3) | 6. GABRIELE MICHELI (3) | 7. MATTEO PIETROSANTE (3) | 8. NASTASSJA HABDANK (3) | 9. FRANCESCO MANCINO (2) | 10. PAOLA CAVALIERI (2),municipio3_2021
1762,59,0.11591355599214145,1. FEDERICA RAMPINI (3) | 2. LUIGI MAIO (3) | 3. SIMONA SORTINO (3) | 4. CESARE ALFIDI (2) | 5. FILIPPO MARIA LAGUZZI (2) | 6. GABRIELE CARRADORI (1) | 7. MATTEO PIETROSANTE (1) | 8. MIRKO MANFRE' (1) | 9. NASTASSJA HABDANK (1) | 10. ROBERTO CASAMENTO (1),municipio3_2021
2521,61,0.20608108108108109,1. FILIPPO MARIA LAGUZZI (5) | 2. LORENZO SPIZZICHINO (4) | 3. GABRIELE CARRADORI (3) | 4. NICOLETTA FUNGHI (3) | 5. MATTEO PIETROSANTE (2) | 6. NASTASSJA HABDANK (2) | 7. FEDERICA RAMPINI (1) | 8. PAOLA CAVALIERI (1) | 9. ROBERTO CASAMENTO (1) | 10. SIMONA SORTINO (1),municipio3_2021
2522,60,0.2247191011235955,1. SILVIA DE ROSA (19) | 2. FILIPPO MARIA LAGUZZI (7) | 3. NICOLETTA FUNGHI (2) | 4. ANTONIO COMITO (1) | 5. FEDERICA RAMPINI (1) | 6. MARIA TERESA ELLUL (1) | 7. CESARE ALFIDI (0) | 8. FRANCESCO MANCINO (0) | 9. GABRIELE CARRADORI (0) | 10. GABRIELE MICHELI (0),municipio3_2021
2539,98,0.22685185185185186,1. GABRIELE MICHELI (27) | 2. FEDERICA RAMPINI (11) | 3. NASTASSJA HABDANK (8) | 4. FILIPPO MARIA LAGUZZI (6) | 5. NICOLETTA FUNGHI (6) | 6. GABRIELE CARRADORI (5) | 7. SILVIA DE ROSA (5) | 8. CESARE ALFIDI (2) | 9. ROBERTO CASAMENTO (2) | 10. ANTONIO COMITO (1),municipio3_2021
2562,80,0.18099547511312217,1. FRANCESCO MANCINO (5) | 2. NICOLETTA FUNGHI (4) | 3. FILIPPO MARIA LAGUZZI (3) | 4. LORENZO SPIZZICHINO (3) | 5. FEDERICA RAMPINI (2) | 6. GABRIELE CARRADORI (1) | 7. MATTEO PIETROSANTE (1) | 8. MIRKO MANFRE' (1) | 9. PAOLA CAVALIERI (1) | 10. SIMONA RUSSO (1),municipio3_2021
2563,85,0.16798418972332016,1. FEDERICA RAMPINI (5) | 2. FILIPPO MARIA LAGUZZI (4) | 3. NICOLETTA FUNGHI (4) | 4. LORENZO SPIZZICHINO (3) | 5. NASTASSJA HABDANK (3) | 6. PAOLA CAVALIERI (3) | 7. SIMONA RUSSO (3) | 8. ANTONIO COMITO (2) | 9. FRANCESCO MANCINO (2) | 10. GABRIELE MICHELI (2),municipio3_2021
2564,80,0.13986013986013987,1. FEDERICA RAMPINI (4) | 2. LORENZO SPIZZICHINO (4) | 3. PAOLA CAVALIERI (4) | 4. FILIPPO MARIA LAGUZZI (3) | 5. SIMONA SORTINO (3) | 6. NASTASSJA HABDANK (2) | 7. ROBERTO CASAMENTO (2) | 8. SILVIA DE ROSA (2) | 9. ANTONIO COMITO (1) | 10. CESARE ALFIDI (1),municipio3_2021
