SEZIONE,is_municipio_3,pd_2021_votes,total_votes_2021,pd_2021_share,pd_2016_votes,total_votes_2016,pd_2016_share,delta_pd_share,top_pd_2021,top_pd_2016
1,True,83,525,0.1580952380952381,90,514,0.17509727626459143,-1.7002038169353333,CARLA CONSUELO FERMARIELLO: 7 | YURI TROMBETTI: 5 | ANDREA ALEMANNI: 4 | MAURIZIO VELOCCIA: 4 | DANIELE PARRUCCI: 3,ANDREA CASU: 4 | ANTONGIULIO PELONZI: 2 | MARCO PALUMBO: 2 | MICHELA DI BIASE: 2 | RICCARDO CORBUCCI: 2
25,True,96,584,0.1643835616438356,85,384,0.22135416666666666,-5.697060502283105,RICCARDO CORBUCCI: 14 | GIULIA TEMPESTA: 12 | ANDREA ALEMANNI: 2 | EDMOND GODO: 2 | GIOVANNI ZANNOLA: 2,ILARIA PICCOLO: 11 | RICCARDO CORBUCCI: 10 | MARCO PALUMBO: 6 | ESTELLA MARINO: 4 | ELENA PATRIZIA IMPROTA: 3
37,True,83,484,0.17148760330578514,95,511,0.18590998043052837,-1.442237712474323,ANDREA ALEMANNI: 8 | GIULIA TEMPESTA: 4 | NELLA CONVERTI: 4 | RICCARDO CORBUCCI: 4 | STEFANO MARONGIU: 3,RICCARDO CORBUCCI: 10 | MARCO PALUMBO: 8 | ILARIA PICCOLO: 5 | MICHELA DI BIASE: 5 | GIULIA TEMPESTA: 4
67,True,68,427,0.1592505854800937,93,490,0.18979591836734694,-3.054533288725325,MARIANO ANGELUCCI: 3 | OLIMPIA TROILI: 3 | ERICA BATTAGLIA: 2 | GIOVANNI CRISANTI: 2 | MAURIZIO VELOCCIA: 2,ILARIA PICCOLO: 9 | MARCO PALUMBO: 9 | GIULIO BUGARINI: 3 | ORLANDO CORSETTI: 3 | ANTONGIULIO PELONZI: 2
68,True,71,454,0.15638766519823788,75,507,0.14792899408284024,0.8458671115397637,ERICA BATTAGLIA: 3 | STEFANO MARONGIU: 3 | GIAMMARCO PALMIERI: 2 | GIULIA TEMPESTA: 2 | ANTONELLA MELITO: 1,MARCO PALUMBO: 4 | GIULIO BUGARINI: 3 | ILARIA PICCOLO: 3 | ANTONGIULIO PELONZI: 2 | GIULIA TEMPESTA: 2
69,True,70,503,0.13916500994035785,103,536,0.1921641791044776,-5.299916916411976,MAURIZIO VELOCCIA: 5 | RICCARDO CORBUCCI: 4 | CARLA CONSUELO FERMARIELLO: 3 | FABRIZIO RUFO: 3 | SABRINA ALFONSI: 3,MARCO PALUMBO: 8 | ILARIA PICCOLO: 7 | RICCARDO CORBUCCI: 3 | ERICA BATTAGLIA: 2 | FABIO POMPEI: 2
70,True,69,411,0.1678832116788321,68,410,0.16585365853658537,0.20295531422467317,MAURIZIO VELOCCIA: 6 | YURI TROMBETTI: 4 | CARLA CONSUELO FERMARIELLO: 2 | CRISTINA MICHETELLI: 2 | DARIO MARCUCCI: 2,RICCARDO CORBUCCI: 5 | PIERA LEVI MONTALCINI: 4 | ALESSANDRO COZZA: 2 | MARCO PALUMBO: 2 | ANNA PAOLA CONCIA: 1
71,True,80,455,0.17582417582417584,87,550,0.15818181818181817,1.7642357642357664,SABRINA ALFONSI: 8 | RICCARDO CORBUCCI: 5 | CARLA CONSUELO FERMARIELLO: 3 | GIULIA TEMPESTA: 3 | MARIANO ANGELUCCI: 3,ILARIA PICCOLO: 10 | MARCO PALUMBO: 10 | ELENA PATRIZIA IMPROTA: 3 | GIOVANNI ZANNOLA: 3 | GABRIELLA PESA: 2
72,True,68,438,0.1552511415525114,83,507,0.16370808678500987,-0.8456945232498458,GIULIA TEMPESTA: 5 | MAURIZIO VELOCCIA: 5 | GIOVANNI CRISANTI: 4 | EDMOND GODO: 3 | ERICA BATTAGLIA: 3,CRISTIANO DAVOLI: 4 | MARCO PALUMBO: 4 | ALESSANDRO COZZA: 3 | ILARIA PICCOLO: 3 | VALENTINA URBINI: 3
73,True,126,585,0.2153846153846154,173,630,0.2746031746031746,-5.921855921855923,RICCARDO CORBUCCI: 12 | ERICA BATTAGLIA: 6 | CLAUDIA PAPPATA': 5 | ILARIA PICCOLO: 4 | DANIELE PARRUCCI: 3,ORLANDO CORSETTI: 15 | MARCO PALUMBO: 13 | ILARIA PICCOLO: 12 | VALERIA BAGLIO: 7 | ALESSANDRO COZZA: 3
74,True,86,441,0.19501133786848074,107,467,0.2291220556745182,-3.411071780603747,SABRINA ALFONSI: 7 | CARLA CONSUELO FERMARIELLO: 5 | GIULIA TEMPESTA: 4 | LORENZO MARINONE: 4 | MAURIZIO VELOCCIA: 4,ILARIA PICCOLO: 13 | CARLA CONSUELO FERMARIELLO: 9 | RICCARDO CORBUCCI: 9 | MARCO PALUMBO: 8 | ANDREA CASU: 4
75,True,93,540,0.17222222222222222,133,568,0.23415492957746478,-6.193270735524256,CRISTINA MICHETELLI: 6 | ERICA BATTAGLIA: 6 | YURI TROMBETTI: 5 | ALESSANDRO LEPIDINI: 3 | CLAUDIA PAPPATA': 3,MARCO PALUMBO: 19 | ILARIA PICCOLO: 17 | MICHELA DI BIASE: 10 | ANDREA CASU: 5 | ANNA PAOLA CONCIA: 5
76,True,101,537,0.18808193668528864,125,542,0.23062730627306274,-4.254536958777411,RICCARDO CORBUCCI: 7 | GIOVANNI CRISANTI: 5 | CARLA CONSUELO FERMARIELLO: 4 | ERICA BATTAGLIA: 3 | GIULIA TEMPESTA: 3,MARCO PALUMBO: 23 | ILARIA PICCOLO: 12 | ANNA PAOLA CONCIA: 5 | MICHELA DI BIASE: 5 | RICCARDO CORBUCCI: 4
77,True,111,605,0.1834710743801653,133,611,0.2176759410801964,-3.420486670003109,MAURIZIO VELOCCIA: 9 | NELLA CONVERTI: 6 | ERICA BATTAGLIA: 3 | GIULIA TEMPESTA: 3 | RICCARDO CORBUCCI: 3,RICCARDO CORBUCCI: 10 | ILARIA PICCOLO: 9 | MARCO PALUMBO: 7 | CARLA CONSUELO FERMARIELLO: 3 | ANDREA CASU: 2
78,True,77,395,0.1949367088607595,89,462,0.19264069264069264,0.22960162200668655,SABRINA ALFONSI: 5 | CRISTINA MICHETELLI: 4 | MAURIZIO VELOCCIA: 4 | RICCARDO CORBUCCI: 4 | VALERICA TARCA: 2,MARCO PALUMBO: 12 | ILARIA PICCOLO: 11 | CRISTIANO DAVOLI: 7 | ANNA PAOLA CONCIA: 1 | ANTONGIULIO PELONZI: 1
79,True,62,382,0.16230366492146597,91,451,0.2017738359201774,-3.947017099871142,GIAMMARCO PALMIERI: 4 | ANDREA ALEMANNI: 3 | SABRINA ALFONSI: 3 | SVETLANA CELLI: 3 | CLAUDIA PAPPATA': 2,RICCARDO CORBUCCI: 7 | MARCO PALUMBO: 4 | ILARIA PICCOLO: 3 | MARIA PIA FEDERICI: 3 | ORLANDO CORSETTI: 3
80,True,76,385,0.1974025974025974,85,426,0.19953051643192488,-0.2127919029327463,CRISTINA MICHETELLI: 8 | ILARIA PICCOLO: 3 | MAURIZIO VELOCCIA: 3 | PIETRO VITTORIO BARBIERI: 3 | RICCARDO CORBUCCI: 3,MARCO PALUMBO: 9 | ANNA PAOLA CONCIA: 4 | ILARIA PICCOLO: 4 | CARLA CONSUELO FERMARIELLO: 2 | MICHELA DI BIASE: 2
81,True,64,486,0.13168724279835392,111,553,0.2007233273056058,-6.903608450725188,SABRINA ALFONSI: 4 | NELLA CONVERTI: 3 | CRISTINA MICHETELLI: 2 | MASSIMO DE SIMONI: 2 | MAURIZIO VELOCCIA: 2,ILARIA PICCOLO: 6 | MARCO PALUMBO: 6 | RICCARDO CORBUCCI: 5 | PIERA LEVI MONTALCINI: 3 | ANNA PAOLA CONCIA: 2
82,True,87,473,0.1839323467230444,135,562,0.2402135231316726,-5.62811764086282,SABRINA ALFONSI: 6 | MAURIZIO VELOCCIA: 4 | RICCARDO CORBUCCI: 3 | ANTONELLA MELITO: 2 | ANTONIO CIANCIO: 2,MARCO PALUMBO: 14 | ILARIA PICCOLO: 12 | RICCARDO CORBUCCI: 5 | CARLA DI TOMMASO: 2 | ELENA PATRIZIA IMPROTA: 2
83,True,92,567,0.16225749559082892,157,623,0.2520064205457464,-8.974892495491748,MAURIZIO VELOCCIA: 5 | RICCARDO CORBUCCI: 5 | SABRINA ALFONSI: 4 | VALERIA BAGLIO: 3 | ANTONELLA MELITO: 2,MARCO PALUMBO: 20 | ILARIA PICCOLO: 17 | RICCARDO CORBUCCI: 6 | ELENA PATRIZIA IMPROTA: 5 | MICHELA DI BIASE: 4
84,True,96,465,0.2064516129032258,126,475,0.26526315789473687,-5.881154499151106,RICCARDO CORBUCCI: 9 | GIULIA TEMPESTA: 8 | MAURIZIO VELOCCIA: 5 | SABRINA ALFONSI: 5 | ANDREA ALEMANNI: 4,RICCARDO CORBUCCI: 20 | ILARIA PICCOLO: 18 | VALERIA BAGLIO: 11 | MARCO PALUMBO: 10 | ERICA BATTAGLIA: 4
85,True,92,591,0.155668358714044,130,585,0.2222222222222222,-6.655386350817821,RICCARDO CORBUCCI: 9 | GIULIA TEMPESTA: 8 | CRISTINA MICHETELLI: 6 | MAURIZIO VELOCCIA: 5 | SABRINA ALFONSI: 5,ILARIA PICCOLO: 15 | MARCO PALUMBO: 13 | RICCARDO CORBUCCI: 5 | MICHELA DI BIASE: 4 | ANTONGIULIO PELONZI: 3
86,True,118,551,0.21415607985480944,146,568,0.25704225352112675,-4.288617366631731,RICCARDO CORBUCCI: 12 | GIULIA TEMPESTA: 8 | SABRINA ALFONSI: 6 | CARLA CONSUELO FERMARIELLO: 4 | CRISTINA MICHETELLI: 4,ILARIA PICCOLO: 10 | MARCO PALUMBO: 10 | MICHELA DI BIASE: 4 | RICCARDO CORBUCCI: 4 | ANNA PAOLA CONCIA: 3
87,True,81,517,0.15667311411992263,147,567,0.25925925925925924,-10.258614513933662,CRISTINA MICHETELLI: 4 | ANDREA ALEMANNI: 3 | MAURIZIO VELOCCIA: 3 | RICCARDO CORBUCCI: 3 | SABRINA ALFONSI: 3,MARCO PALUMBO: 16 | ILARIA PICCOLO: 12 | RICCARDO CORBUCCI: 8 | SALVO BARRANO: 7 | MICHELA DI BIASE: 4
88,True,97,472,0.2055084745762712,119,527,0.22580645161290322,-2.0297977036632027,GIULIA TEMPESTA: 8 | RICCARDO CORBUCCI: 8 | MAURIZIO VELOCCIA: 6 | SABRINA ALFONSI: 6 | MASSIMO DE SIMONI: 3,RICCARDO CORBUCCI: 15 | ILARIA PICCOLO: 8 | GIULIA TEMPESTA: 4 | MICHELA DI BIASE: 3 | ANNA PAOLA CONCIA: 2
89,True,95,517,0.18375241779497098,101,524,0.19274809160305342,-0.8995673808082444,RICCARDO CORBUCCI: 7 | CARLA CONSUELO FERMARIELLO: 5 | YURI TROMBETTI: 5 | LORENZO MARINONE: 4 | SVETLANA CELLI: 4,RICCARDO CORBUCCI: 9 | ILARIA PICCOLO: 7 | CECILIA FANNUNZA: 4 | ORLANDO CORSETTI: 4 | ANTONGIULIO PELONZI: 3
90,True,82,422,0.1943127962085308,96,495,0.19393939393939394,0.037340226913687435,GIULIA TEMPESTA: 8 | RICCARDO CORBUCCI: 7 | MAURIZIO VELOCCIA: 5 | SABRINA ALFONSI: 4 | MONICA MORICONI: 3,MARCO PALUMBO: 10 | ILARIA PICCOLO: 6 | ANNA PAOLA CONCIA: 5 | VALERIA BAGLIO: 4 | RICCARDO CORBUCCI: 3
91,True,77,458,0.16812227074235808,94,558,0.16845878136200718,-0.03365106196490941,GIULIA TEMPESTA: 5 | MAURIZIO VELOCCIA: 4 | RICCARDO CORBUCCI: 4 | SABRINA ALFONSI: 4 | ERICA BATTAGLIA: 3,ILARIA PICCOLO: 8 | MARCO PALUMBO: 6 | CECILIA FANNUNZA: 5 | RICCARDO CORBUCCI: 5 | ANNA PAOLA CONCIA: 4
92,True,86,542,0.15867158671586715,130,527,0.24667931688804554,-8.800773017217839,CRISTINA MICHETELLI: 6 | RICCARDO CORBUCCI: 4 | ANDREA ALEMANNI: 3 | CARLA CONSUELO FERMARIELLO: 3 | SVETLANA CELLI: 3,ILARIA PICCOLO: 7 | MICHELA DI BIASE: 6 | MARCO PALUMBO: 4 | ANNA PAOLA CONCIA: 3 | RICCARDO CORBUCCI: 3
93,True,75,391,0.1918158567774936,76,406,0.18719211822660098,0.46237385508926254,MAURIZIO VELOCCIA: 9 | GIULIA TEMPESTA: 7 | SABRINA ALFONSI: 7 | ERICA BATTAGLIA: 5 | RICCARDO CORBUCCI: 5,ERICA BATTAGLIA: 7 | MARCO PALUMBO: 7 | ILARIA PICCOLO: 5 | GIOVANNI ZANNOLA: 4 | RICCARDO CORBUCCI: 4
94,True,66,477,0.13836477987421383,102,540,0.18888888888888888,-5.052410901467505,CRISTINA MICHETELLI: 3 | CARLA CONSUELO FERMARIELLO: 2 | SVETLANA CELLI: 2 | YURI TROMBETTI: 2 | ANDREA ALEMANNI: 1,ILARIA PICCOLO: 6 | RICCARDO CORBUCCI: 6 | MARCO PALUMBO: 5 | ERICA BATTAGLIA: 4 | SALVO BARRANO: 3
95,True,49,399,0.12280701754385964,81,370,0.21891891891891893,-9.611190137505929,CARLA CONSUELO FERMARIELLO: 3 | SABRINA ALFONSI: 3 | GIULIA TEMPESTA: 2 | MAURIZIO VELOCCIA: 2 | RICCARDO CORBUCCI: 2,MARCO PALUMBO: 6 | ILARIA PICCOLO: 5 | RICCARDO CORBUCCI: 3 | GIULIO BUGARINI: 2 | ANDREA CASU: 1
96,True,63,481,0.13097713097713098,123,543,0.2265193370165746,-9.55422060394436,SABRINA ALFONSI: 5 | ERICA BATTAGLIA: 4 | PIETRO VITTORIO BARBIERI: 4 | MAURIZIO VELOCCIA: 3 | RICCARDO CORBUCCI: 3,ILARIA PICCOLO: 11 | RICCARDO CORBUCCI: 10 | MARCO PALUMBO: 5 | CRISTIANO DAVOLI: 4 | ERICA BATTAGLIA: 4
97,True,84,480,0.175,92,536,0.17164179104477612,0.33582089552238736,GIULIA TEMPESTA: 6 | RICCARDO CORBUCCI: 6 | CRISTINA MICHETELLI: 3 | MAURIZIO VELOCCIA: 3 | STEFANO MARONGIU: 3,RICCARDO CORBUCCI: 5 | ILARIA PICCOLO: 4 | MARCO PALUMBO: 3 | MICHELA DI BIASE: 3 | ANTONGIULIO PELONZI: 2
98,True,55,355,0.15492957746478872,83,399,0.20802005012531327,-5.309047266052455,SVETLANA CELLI: 4 | GIULIA TEMPESTA: 3 | MAURIZIO VELOCCIA: 3 | RICCARDO CORBUCCI: 3 | GIAMMARCO PALMIERI: 2,RICCARDO CORBUCCI: 12 | ILARIA PICCOLO: 9 | ERICA BATTAGLIA: 4 | ANNA PAOLA CONCIA: 2 | MICHELA DI BIASE: 2
99,True,90,543,0.16574585635359115,102,532,0.19172932330827067,-2.598346695467951,MAURIZIO VELOCCIA: 9 | SABRINA ALFONSI: 7 | YURI TROMBETTI: 5 | ERICA BATTAGLIA: 4 | GIULIA TEMPESTA: 4,ILARIA PICCOLO: 6 | MARCO PALUMBO: 5 | ERICA BATTAGLIA: 3 | RICCARDO CORBUCCI: 3 | CRISTIANO DAVOLI: 2
100,True,96,557,0.17235188509874327,119,570,0.20877192982456141,-3.642004472581814,RICCARDO CORBUCCI: 6 | SABRINA ALFONSI: 6 | ANDREA ALEMANNI: 5 | GIULIA TEMPESTA: 4 | CARLA CONSUELO FERMARIELLO: 3,MARCO PALUMBO: 6 | ILARIA PICCOLO: 5 | RICCARDO CORBUCCI: 4 | DANIELA TIBURZI: 2 | ELENA PATRIZIA IMPROTA: 2
101,True,64,412,0.1553398058252427,87,460,0.1891304347826087,-3.379062895736598,MAURIZIO VELOCCIA: 6 | RICCARDO CORBUCCI: 5 | ERICA BATTAGLIA: 4 | FABRIZIO RUFO: 3 | MARIANO ANGELUCCI: 3,ILARIA PICCOLO: 5 | RICCARDO CORBUCCI: 5 | ERICA BATTAGLIA: 3 | ALESSANDRO COZZA: 2 | CARLA CONSUELO FERMARIELLO: 2
102,True,57,486,0.11728395061728394,103,535,0.1925233644859813,-7.523941386869737,MAURIZIO VELOCCIA: 4 | SABRINA ALFONSI: 4 | CRISTINA MICHETELLI: 3 | SVETLANA CELLI: 3 | YURI TROMBETTI: 3,ILARIA PICCOLO: 10 | MARCO PALUMBO: 10 | MICHELA DI BIASE: 5 | ANNA PAOLA CONCIA: 4 | ANTONGIULIO PELONZI: 2
103,True,65,473,0.13742071881606766,101,461,0.21908893709327548,-8.166821827720783,RICCARDO CORBUCCI: 6 | GIULIA TEMPESTA: 4 | GIOVANNI ZANNOLA: 3 | LORENZO MARINONE: 3 | SABRINA ALFONSI: 3,ILARIA PICCOLO: 9 | MARCO PALUMBO: 9 | RICCARDO CORBUCCI: 9 | ELENA PATRIZIA IMPROTA: 5 | VALERIA BAGLIO: 5
104,True,74,450,0.16444444444444445,101,538,0.18773234200743494,-2.3287897562990487,ANDREA ALEMANNI: 4 | CRISTINA MICHETELLI: 3 | RICCARDO CORBUCCI: 2 | SVETLANA CELLI: 2 | ERICA BATTAGLIA: 1,ILARIA PICCOLO: 7 | RICCARDO CORBUCCI: 6 | MARCO PALUMBO: 5 | CARLA CONSUELO FERMARIELLO: 3 | MARIA PIA FEDERICI: 2
105,True,54,394,0.13705583756345177,89,500,0.178,-4.094416243654822,ALESSANDRO LEPIDINI: 0 | ANDREA ALEMANNI: 0 | ANTONELLA MELITO: 0 | ANTONIO CIANCIO: 0 | ANTONIO STAMPETE: 0,RICCARDO CORBUCCI: 6 | ILARIA PICCOLO: 5 | MARCO PALUMBO: 5 | ALESSANDRO COZZA: 3 | GIUSEPPE CAVALLO: 2
106,True,49,407,0.12039312039312039,70,494,0.1417004048582996,-2.130728446517921,ALESSANDRO LEPIDINI: 2 | GIOVANNI CRISANTI: 2 | GIULIA TEMPESTA: 2 | MASSIMO DE SIMONI: 2 | MAURIZIO VELOCCIA: 2,ILARIA PICCOLO: 10 | MARCO PALUMBO: 9 | RICCARDO CORBUCCI: 4 | ANTONGIULIO PELONZI: 1 | ESTELLA MARINO: 1
107,True,80,507,0.15779092702169625,95,551,0.1724137931034483,-1.4622866081752033,RICCARDO CORBUCCI: 5 | GIULIA TEMPESTA: 4 | ANDREA ALEMANNI: 3 | ANTONELLA MELITO: 2 | ERICA BATTAGLIA: 2,ILARIA PICCOLO: 8 | MARCO PALUMBO: 6 | RICCARDO CORBUCCI: 5 | ANNA PAOLA CONCIA: 3 | ERICA BATTAGLIA: 2
108,True,58,436,0.13302752293577982,88,512,0.171875,-3.8847477064220177,SABRINA ALFONSI: 3 | MAURIZIO VELOCCIA: 2 | ANTONIO STAMPETE: 1 | CLAUDIA PAPPATA': 1 | CLAUDIO PARAVATI: 1,RICCARDO CORBUCCI: 14 | ILARIA PICCOLO: 6 | MARCO PALUMBO: 3 | GABRIELLA PESA: 1 | 0: 0
109,True,43,344,0.125,59,484,0.12190082644628099,0.3099173553719012,ALESSANDRO LEPIDINI: 0 | ANDREA ALEMANNI: 0 | ANTONELLA MELITO: 0 | ANTONIO CIANCIO: 0 | ANTONIO STAMPETE: 0,ILARIA PICCOLO: 3 | MARCO PALUMBO: 3 | FABIO POMPEI: 1 | PIERA LEVI MONTALCINI: 1 | VALERIA BAGLIO: 1
110,True,45,304,0.14802631578947367,47,439,0.1070615034168565,4.096481237261718,CARLA CONSUELO FERMARIELLO: 3 | YURI TROMBETTI: 3 | ANDREA ALEMANNI: 1 | ANTONELLA MELITO: 1 | GIAMMARCO PALMIERI: 1,RICCARDO CORBUCCI: 2 | ANDREA CASU: 1 | ANNA PAOLA CONCIA: 1 | CARLA CONSUELO FERMARIELLO: 1 | ESTELLA MARINO: 1
111,True,55,331,0.1661631419939577,101,469,0.21535181236673773,-4.918867037278002,RICCARDO CORBUCCI: 8 | GIULIA TEMPESTA: 7 | ANDREA ALEMANNI: 3 | ILARIA PICCOLO: 1 | PIETRO VITTORIO BARBIERI: 1,ILARIA PICCOLO: 16 | MARCO PALUMBO: 11 | RICCARDO CORBUCCI: 6 | CRISTIANO DAVOLI: 3 | ERICA BATTAGLIA: 2
112,True,57,323,0.17647058823529413,87,454,0.19162995594713655,-1.5159367711842426,RICCARDO CORBUCCI: 4 | ANTONIO CIANCIO: 3 | ERICA BATTAGLIA: 3 | NELLA CONVERTI: 2 | CARLA CONSUELO FERMARIELLO: 1,ILARIA PICCOLO: 7 | MARCO PALUMBO: 7 | RICCARDO CORBUCCI: 5 | ANTONGIULIO PELONZI: 2 | MARIANO ANGELUCCI: 2
113,True,38,315,0.12063492063492064,66,420,0.15714285714285714,-3.6507936507936503,RICCARDO CORBUCCI: 2 | CLAUDIA PAPPATA': 1 | FLAVIA RESTIVO: 1 | GIULIA TEMPESTA: 1 | MAURIZIO VELOCCIA: 1,ILARIA PICCOLO: 6 | MARCO PALUMBO: 4 | ANNA LODESERTO: 3 | RICCARDO CORBUCCI: 3 | ESTELLA MARINO: 2
114,True,78,528,0.14772727272727273,66,512,0.12890625,1.8821022727272734,RICCARDO CORBUCCI: 10 | GIULIA TEMPESTA: 7 | CARLA CONSUELO FERMARIELLO: 3 | CRISTINA MICHETELLI: 3 | GIOVANNI ZANNOLA: 3,MICHELA DI BIASE: 8 | ANTONGIULIO PELONZI: 3 | GIOVANNI ZANNOLA: 2 | RICCARDO CORBUCCI: 2 | VALERIA BAGLIO: 2
115,True,21,97,0.21649484536082475,99,554,0.17870036101083034,3.7794484349994413,GIULIA TEMPESTA: 7 | RICCARDO CORBUCCI: 7 | SABRINA ALFONSI: 2 | CRISTINA MICHETELLI: 1 | DARIO MARCUCCI: 1,RICCARDO CORBUCCI: 8 | MARCO PALUMBO: 7 | ILARIA PICCOLO: 5 | ESTELLA MARINO: 3 | DANIELE PARRUCCI: 2
116,True,50,391,0.1278772378516624,76,564,0.1347517730496454,-0.6874535197982978,RICCARDO CORBUCCI: 5 | GIAMMARCO PALMIERI: 2 | GIULIA TEMPESTA: 2 | CARLA CONSUELO FERMARIELLO: 1 | CLAUDIA PAPPATA': 1,RICCARDO CORBUCCI: 9 | MARIA PIA FEDERICI: 3 | ILARIA PICCOLO: 2 | MARCO PALUMBO: 2 | ANNA PAOLA CONCIA: 1
117,True,62,387,0.16020671834625322,108,570,0.18947368421052632,-2.9266965864273105,YURI TROMBETTI: 5 | ANDREA ALEMANNI: 4 | SVETLANA CELLI: 4 | UBALDO RIGHETTI: 2 | ANTONIO STAMPETE: 1,CRISTIANO DAVOLI: 6 | MARCO PALUMBO: 4 | ILARIA PICCOLO: 3 | VALERIA BAGLIO: 2 | GIOVANNI ZANNOLA: 1
118,True,46,336,0.13690476190476192,70,415,0.1686746987951807,-3.176993689041879,ANDREA ALEMANNI: 2 | RICCARDO CORBUCCI: 2 | SABRINA ALFONSI: 2 | SVETLANA CELLI: 2 | YURI TROMBETTI: 2,ILARIA PICCOLO: 9 | MARCO PALUMBO: 6 | RICCARDO CORBUCCI: 6 | DANIELE PARRUCCI: 3 | ANTONGIULIO PELONZI: 1
119,True,53,359,0.14763231197771587,73,473,0.1543340380549683,-0.6701726077252418,RICCARDO CORBUCCI: 5 | GIULIA TEMPESTA: 4 | SABRINA ALFONSI: 3 | NELLA CONVERTI: 2 | ANTONIO STAMPETE: 1,ILARIA PICCOLO: 7 | MARCO PALUMBO: 6 | RICCARDO CORBUCCI: 4 | CRISTIANO DAVOLI: 3 | ANNA PAOLA CONCIA: 1
207,True,78,482,0.16182572614107885,107,544,0.19669117647058823,-3.4865450329509384,SVETLANA CELLI: 4 | ANDREA ALEMANNI: 3 | GIULIA TEMPESTA: 3 | RICCARDO CORBUCCI: 3 | SABRINA ALFONSI: 3,MARCO PALUMBO: 9 | ILARIA PICCOLO: 7 | CRISTIANO DAVOLI: 4 | RICCARDO CORBUCCI: 4 | DANIELA TIBURZI: 2
208,True,73,462,0.15800865800865802,105,532,0.19736842105263158,-3.935976304397357,DANIELE PARRUCCI: 4 | SABRINA ALFONSI: 4 | ANDREA ALEMANNI: 3 | CLAUDIA PAPPATA': 3 | ERICA BATTAGLIA: 3,CRISTIANO DAVOLI: 6 | MARIANO ANGELUCCI: 3 | ILARIA PICCOLO: 2 | MARCO PALUMBO: 2 | SALVO BARRANO: 2
209,True,84,462,0.18181818181818182,109,552,0.19746376811594202,-1.5645586297760194,MAURIZIO VELOCCIA: 6 | CARLA CONSUELO FERMARIELLO: 4 | ANTONELLA MELITO: 3 | CLAUDIA PAPPATA': 2 | CRISTINA MICHETELLI: 2,MICHELA DI BIASE: 6 | MARCO PALUMBO: 4 | RICCARDO CORBUCCI: 4 | ANTONGIULIO PELONZI: 2 | VALERIA BAGLIO: 2
210,True,76,450,0.1688888888888889,29,115,0.25217391304347825,-8.328502415458935,SABRINA ALFONSI: 6 | GIULIA TEMPESTA: 5 | MAURIZIO VELOCCIA: 5 | RICCARDO CORBUCCI: 5 | CRISTINA MICHETELLI: 3,RICCARDO CORBUCCI: 6 | ANTONGIULIO PELONZI: 3 | GIULIA TEMPESTA: 3 | MICHELA DI BIASE: 3 | VALERIA BAGLIO: 3
211,True,90,493,0.18255578093306288,127,527,0.2409867172675522,-5.843093633448931,RICCARDO CORBUCCI: 7 | GIULIA TEMPESTA: 6 | FABRIZIO RUFO: 4 | ANDREA ALEMANNI: 3 | ANTONIO STAMPETE: 3,MARCO PALUMBO: 8 | ILARIA PICCOLO: 6 | RICCARDO CORBUCCI: 5 | MICHELA DI BIASE: 4 | ANNA PAOLA CONCIA: 3
212,True,93,481,0.19334719334719336,103,565,0.18230088495575222,1.1046308391441135,MAURIZIO VELOCCIA: 3 | SABRINA ALFONSI: 3 | ANDREA ALEMANNI: 2 | ERICA BATTAGLIA: 2 | GIOVANNI ZANNOLA: 2,RICCARDO CORBUCCI: 9 | ERICA BATTAGLIA: 4 | VALERIA BAGLIO: 4 | GIOVANNI ZANNOLA: 3 | MICHELA DI BIASE: 3
213,True,60,439,0.1366742596810934,88,506,0.17391304347826086,-3.723878379716747,MAURIZIO VELOCCIA: 3 | RICCARDO CORBUCCI: 2 | SVETLANA CELLI: 2 | ANDREA ALEMANNI: 1 | CRISTINA MICHETELLI: 1,RICCARDO CORBUCCI: 3 | ELENA PATRIZIA IMPROTA: 1 | ERICA BATTAGLIA: 1 | GIULIO BUGARINI: 1 | MICHELA DI BIASE: 1
214,True,65,377,0.1724137931034483,92,374,0.24598930481283424,-7.357551170938595,FABRIZIO RUFO: 3 | GIULIA TEMPESTA: 2 | RICCARDO CORBUCCI: 2 | ANDREA ALEMANNI: 1 | CARLA CONSUELO FERMARIELLO: 1,RICCARDO CORBUCCI: 4 | MARCO PALUMBO: 3 | VALERIA BAGLIO: 3 | ANNA LODESERTO: 2 | ANTONGIULIO PELONZI: 1
215,True,71,463,0.15334773218142547,102,484,0.21074380165289255,-5.739606947146708,GIORGIO RAFFAELE CALVI: 9 | NELLA CONVERTI: 8 | GIULIA TEMPESTA: 2 | MARIANO ANGELUCCI: 2 | MONICA MORICONI: 2,RICCARDO CORBUCCI: 9 | VALERIA BAGLIO: 6 | ORLANDO CORSETTI: 4 | ELENA PATRIZIA IMPROTA: 2 | ILARIA PICCOLO: 2
216,True,92,446,0.2062780269058296,115,506,0.22727272727272727,-2.0994700366897656,SABRINA ALFONSI: 7 | MAURIZIO VELOCCIA: 5 | CRISTINA MICHETELLI: 3 | ROCCO STELITANO: 3 | SVETLANA CELLI: 2,ANNA PAOLA CONCIA: 3 | CRISTIANO DAVOLI: 3 | ILARIA PICCOLO: 3 | MICHELA DI BIASE: 3 | RICCARDO CORBUCCI: 3
217,True,74,376,0.19680851063829788,91,449,0.2026726057906459,-0.5864095152348009,GIULIA TEMPESTA: 9 | RICCARDO CORBUCCI: 9 | SABRINA ALFONSI: 7 | CRISTINA MICHETELLI: 2 | GIAMMARCO PALMIERI: 2,RICCARDO CORBUCCI: 7 | ILARIA PICCOLO: 3 | CRISTIANO DAVOLI: 2 | VALERIA BAGLIO: 2 | ANDREA CASU: 1
218,True,57,412,0.1383495145631068,71,469,0.1513859275053305,-1.3036412942223712,SVETLANA CELLI: 4 | UBALDO RIGHETTI: 4 | SABRINA ALFONSI: 3 | GIULIA TEMPESTA: 2 | MONICA MORICONI: 2,MARCO PALUMBO: 8 | ILARIA PICCOLO: 6 | ORLANDO CORSETTI: 3 | ANNA LODESERTO: 2 | RICCARDO CORBUCCI: 2
219,True,57,463,0.12311015118790497,104,515,0.20194174757281552,-7.883159638491055,CLAUDIA PAPPATA': 2 | GIULIA TEMPESTA: 2 | RICCARDO CORBUCCI: 2 | SVETLANA CELLI: 2 | ANDREA ALEMANNI: 1,MARCO PALUMBO: 4 | ANTONGIULIO PELONZI: 3 | CRISTIANO DAVOLI: 3 | MICHELA DI BIASE: 3 | RICCARDO CORBUCCI: 3
220,True,77,346,0.22254335260115607,97,414,0.23429951690821257,-1.1756164307056505,RICCARDO CORBUCCI: 6 | GIULIA TEMPESTA: 5 | MAURIZIO VELOCCIA: 4 | ANDREA ALEMANNI: 3 | FLAVIA RESTIVO: 2,ILARIA PICCOLO: 9 | RICCARDO CORBUCCI: 8 | CRISTIANO DAVOLI: 3 | ANDREA SGRULLETTI: 2 | ERICA BATTAGLIA: 2
221,True,75,474,0.15822784810126583,115,524,0.21946564885496184,-6.1237800753696,SABRINA ALFONSI: 6 | MAURIZIO VELOCCIA: 5 | RICCARDO CORBUCCI: 5 | ANDREA ALEMANNI: 2 | GIULIA TEMPESTA: 2,RICCARDO CORBUCCI: 12 | ILARIA PICCOLO: 7 | ANNA PAOLA CONCIA: 3 | ORLANDO CORSETTI: 3 | VALERIA BAGLIO: 3
222,True,109,572,0.19055944055944055,133,599,0.22203672787979967,-3.147728732035912,MAURIZIO VELOCCIA: 5 | ROCCO STELITANO: 3 | ILARIA PICCOLO: 2 | LORENZO MARINONE: 2 | PIETRO VITTORIO BARBIERI: 2,RICCARDO CORBUCCI: 10 | VALERIA BAGLIO: 5 | ILARIA PICCOLO: 4 | MARCO PALUMBO: 4 | ANDREA SGRULLETTI: 2
223,True,71,418,0.16985645933014354,102,482,0.21161825726141079,-4.176179793126725,UBALDO RIGHETTI: 4 | CARLA CONSUELO FERMARIELLO: 3 | ANDREA ALEMANNI: 2 | ERICA BATTAGLIA: 2 | GIAMMARCO PALMIERI: 2,RICCARDO CORBUCCI: 7 | PIERA LEVI MONTALCINI: 3 | CRISTIANO DAVOLI: 2 | ESTELLA MARINO: 2 | ILARIA PICCOLO: 2
224,True,69,471,0.1464968152866242,107,532,0.20112781954887218,-5.463100426224798,GIULIA TEMPESTA: 5 | RICCARDO CORBUCCI: 3 | SABRINA ALFONSI: 3 | YURI TROMBETTI: 3 | ANDREA ALEMANNI: 2,RICCARDO CORBUCCI: 10 | MARCO PALUMBO: 5 | MICHELA DI BIASE: 4 | ILARIA PICCOLO: 3 | ORLANDO CORSETTI: 3
225,True,87,611,0.14238952536824878,96,571,0.1681260945709282,-2.5736569202679416,RICCARDO CORBUCCI: 8 | ERICA BATTAGLIA: 6 | SVETLANA CELLI: 3 | VALERIA BAGLIO: 3 | GIOVANNI ZANNOLA: 2,RICCARDO CORBUCCI: 6 | MICHELA DI BIASE: 4 | ORLANDO CORSETTI: 4 | ANDREA CASU: 2 | ANTONGIULIO PELONZI: 2
226,True,80,613,0.13050570962479607,126,671,0.18777943368107303,-5.727372405627696,SVETLANA CELLI: 6 | ANDREA ALEMANNI: 2 | CARLA CONSUELO FERMARIELLO: 2 | GIAMMARCO PALMIERI: 2 | GIOVANNI CRISANTI: 2,RICCARDO CORBUCCI: 18 | VALERIA BAGLIO: 13 | ANDREA SGRULLETTI: 6 | ILARIA PICCOLO: 6 | MARCO PALUMBO: 5
227,True,52,349,0.1489971346704871,79,384,0.20572916666666666,-5.673203199617954,MAURIZIO VELOCCIA: 9 | CLAUDIA PAPPATA': 3 | GIULIA TEMPESTA: 3 | RICCARDO CORBUCCI: 3 | SABRINA ALFONSI: 2,RICCARDO CORBUCCI: 8 | MARCO PALUMBO: 3 | ORLANDO CORSETTI: 3 | VALERIA BAGLIO: 3 | ESTELLA MARINO: 2
228,True,72,421,0.171021377672209,94,461,0.2039045553145336,-3.2883177642324597,SVETLANA CELLI: 6 | RICCARDO CORBUCCI: 5 | GIAMMARCO PALMIERI: 3 | DANIELE PARRUCCI: 2 | ERICA BATTAGLIA: 2,MARCO PALUMBO: 6 | VALERIA BAGLIO: 5 | RICCARDO CORBUCCI: 4 | ANDREA CASU: 2 | GIOVANNI ZANNOLA: 2
229,True,74,450,0.16444444444444445,104,549,0.1894353369763206,-2.499089253187614,RICCARDO CORBUCCI: 7 | GIULIA TEMPESTA: 5 | CRISTINA MICHETELLI: 2 | SVETLANA CELLI: 2 | ANDREA ALEMANNI: 1,MARCO PALUMBO: 6 | RICCARDO CORBUCCI: 5 | ANNA PAOLA CONCIA: 4 | ILARIA PICCOLO: 3 | CRISTIANO DAVOLI: 2
230,True,66,474,0.13924050632911392,130,529,0.24574669187145556,-10.650618554234164,CARLA CONSUELO FERMARIELLO: 5 | MAURIZIO VELOCCIA: 5 | ANDREA ALEMANNI: 3 | GIULIA TEMPESTA: 3 | RICCARDO CORBUCCI: 2,RICCARDO CORBUCCI: 8 | VALERIA BAGLIO: 4 | CARLA CONSUELO FERMARIELLO: 2 | ILARIA PICCOLO: 2 | ANNA PAOLA CONCIA: 1
231,True,82,510,0.1607843137254902,133,285,0.4666666666666667,-30.58823529411765,CRISTINA MICHETELLI: 4 | SABRINA ALFONSI: 4 | ANTONIO STAMPETE: 3 | GIOVANNI CRISANTI: 3 | SVETLANA CELLI: 3,MARCO PALUMBO: 7 | RICCARDO CORBUCCI: 7 | ORLANDO CORSETTI: 6 | ERICA BATTAGLIA: 4 | ILARIA PICCOLO: 4
232,True,56,419,0.13365155131264916,111,494,0.22469635627530365,-9.104480496265449,MAURIZIO VELOCCIA: 3 | MARIANO ANGELUCCI: 2 | MASSIMO DE SIMONI: 2 | SABRINA ALFONSI: 2 | SVETLANA CELLI: 2,RICCARDO CORBUCCI: 7 | VALERIA BAGLIO: 4 | MARCO PALUMBO: 3 | CECILIA FANNUNZA: 2 | MICHELA DI BIASE: 2
233,True,108,566,0.19081272084805653,106,577,0.18370883882149047,0.7103882026566061,RICCARDO CORBUCCI: 6 | CRISTINA MICHETELLI: 5 | SVETLANA CELLI: 5 | DARIO MARCUCCI: 4 | GIAMMARCO PALMIERI: 4,MARCO PALUMBO: 6 | ERICA BATTAGLIA: 5 | RICCARDO CORBUCCI: 4 | ILARIA PICCOLO: 3 | CARLA CONSUELO FERMARIELLO: 2
234,True,73,551,0.132486388384755,115,580,0.19827586206896552,-6.578947368421054,PIETRO VITTORIO BARBIERI: 4 | VALERIA BAGLIO: 4 | YURI TROMBETTI: 4 | CRISTINA MICHETELLI: 3 | DARIO MARCUCCI: 3,ILARIA PICCOLO: 9 | MARCO PALUMBO: 9 | CARLA CONSUELO FERMARIELLO: 5 | RICCARDO CORBUCCI: 5 | ANDREA CASU: 3
235,True,86,535,0.16074766355140188,93,573,0.16230366492146597,-0.15560013700640918,MAURIZIO VELOCCIA: 4 | RICCARDO CORBUCCI: 4 | SABRINA ALFONSI: 4 | SVETLANA CELLI: 4 | ANDREA ALEMANNI: 3,ILARIA PICCOLO: 6 | MARCO PALUMBO: 5 | ANNA PAOLA CONCIA: 3 | DANIELE PARRUCCI: 3 | VALERIA BAGLIO: 3
264,True,43,353,0.12181303116147309,77,562,0.13701067615658363,-1.5197644995110546,SABRINA ALFONSI: 4 | ANDREA ALEMANNI: 3 | MAURIZIO VELOCCIA: 3 | SVETLANA CELLI: 3 | CARLA CONSUELO FERMARIELLO: 2,RICCARDO CORBUCCI: 5 | CRISTIANO DAVOLI: 4 | ERICA BATTAGLIA: 4 | ILARIA PICCOLO: 4 | MARCO PALUMBO: 4
285,True,106,608,0.17434210526315788,124,674,0.18397626112759644,-0.9634155864438554,CRISTINA MICHETELLI: 6 | RICCARDO CORBUCCI: 6 | GIULIA TEMPESTA: 5 | NELLA CONVERTI: 5 | SABRINA ALFONSI: 5,RICCARDO CORBUCCI: 9 | ILARIA PICCOLO: 6 | CRISTIANO DAVOLI: 5 | VALERIA BAGLIO: 5 | ANDREA CASU: 3
286,True,92,484,0.19008264462809918,111,547,0.20292504570383912,-1.2842401075739946,RICCARDO CORBUCCI: 10 | MAURIZIO VELOCCIA: 8 | NELLA CONVERTI: 7 | SABRINA ALFONSI: 7 | CARLA CONSUELO FERMARIELLO: 5,RICCARDO CORBUCCI: 13 | CARLA CONSUELO FERMARIELLO: 4 | ELENA PATRIZIA IMPROTA: 4 | ANTONGIULIO PELONZI: 3 | ILARIA PICCOLO: 3
287,True,73,404,0.1806930693069307,66,439,0.15034168564920272,3.0351383657727964,GIULIA TEMPESTA: 6 | RICCARDO CORBUCCI: 5 | CRISTINA MICHETELLI: 4 | CARLA CONSUELO FERMARIELLO: 3 | ANDREA ALEMANNI: 2,RICCARDO CORBUCCI: 19 | VALERIA BAGLIO: 9 | ILARIA PICCOLO: 4 | MARCO PALUMBO: 3 | CARLA CONSUELO FERMARIELLO: 2
288,True,75,342,0.21929824561403508,77,358,0.21508379888268156,0.4214446731353516,RICCARDO CORBUCCI: 11 | GIULIA TEMPESTA: 10 | CARLA CONSUELO FERMARIELLO: 4 | VALERIA BAGLIO: 4 | CLAUDIA PAPPATA': 3,RICCARDO CORBUCCI: 4 | ANDREA SGRULLETTI: 2 | CARLA CONSUELO FERMARIELLO: 2 | FABIO POMPEI: 2 | MICHELA DI BIASE: 2
289,True,85,470,0.18085106382978725,104,530,0.19622641509433963,-1.5375351264552388,CRISTINA MICHETELLI: 3 | ANTONIO STAMPETE: 2 | CARLA CONSUELO FERMARIELLO: 2 | GIOVANNI ZANNOLA: 2 | NELLA CONVERTI: 2,ILARIA PICCOLO: 7 | RICCARDO CORBUCCI: 7 | ANNA PAOLA CONCIA: 4 | ANDREA CASU: 3 | MARCO PALUMBO: 3
290,True,90,518,0.17374517374517376,123,544,0.2261029411764706,-5.2357767431296836,GIULIA TEMPESTA: 9 | RICCARDO CORBUCCI: 9 | SABRINA ALFONSI: 7 | MAURIZIO VELOCCIA: 4 | ANDREA ALEMANNI: 3,RICCARDO CORBUCCI: 14 | ILARIA PICCOLO: 7 | MARIANO ANGELUCCI: 5 | ANNA PAOLA CONCIA: 2 | ELENA PATRIZIA IMPROTA: 2
291,True,64,449,0.14253897550111358,94,492,0.1910569105691057,-4.851793506799212,ERICA BATTAGLIA: 6 | GIAMMARCO PALMIERI: 6 | CRISTINA MICHETELLI: 3 | MAURIZIO VELOCCIA: 3 | ANTONELLA MELITO: 2,RICCARDO CORBUCCI: 8 | MICHELA DI BIASE: 7 | ANTONGIULIO PELONZI: 6 | ILARIA PICCOLO: 4 | ERICA BATTAGLIA: 3
292,True,44,305,0.14426229508196722,65,324,0.2006172839506173,-5.635498886865006,PIERO SANDULLI: 4 | CRISTINA MICHETELLI: 3 | FLAVIA RESTIVO: 2 | YURI TROMBETTI: 2 | CARLA CONSUELO FERMARIELLO: 1,MARCO PALUMBO: 5 | ILARIA PICCOLO: 3 | ANTONGIULIO PELONZI: 2 | MICHELA DI BIASE: 2 | ANNA PAOLA CONCIA: 1
293,True,62,386,0.16062176165803108,90,451,0.19955654101995565,-3.8934779361924576,ANDREA ALEMANNI: 3 | CARLA CONSUELO FERMARIELLO: 3 | NELLA CONVERTI: 3 | SABRINA ALFONSI: 3 | YURI TROMBETTI: 3,RICCARDO CORBUCCI: 12 | ILARIA PICCOLO: 8 | MARCO PALUMBO: 5 | VALERIA BAGLIO: 3 | CARLA CONSUELO FERMARIELLO: 2
294,True,104,420,0.24761904761904763,114,459,0.24836601307189543,-0.07469654528478031,CRISTINA MICHETELLI: 24 | RICCARDO CORBUCCI: 6 | NELLA CONVERTI: 5 | GIAMMARCO PALMIERI: 4 | GIULIA TEMPESTA: 4,RICCARDO CORBUCCI: 15 | ILARIA PICCOLO: 9 | MARCO PALUMBO: 7 | MARIANO ANGELUCCI: 5 | ANNA PAOLA CONCIA: 2
295,True,83,365,0.2273972602739726,94,386,0.24352331606217617,-1.612605578820356,NELLA CONVERTI: 11 | SABRINA ALFONSI: 6 | MAURIZIO VELOCCIA: 5 | MASSIMO DE SIMONI: 4 | GIULIA TEMPESTA: 3,0: 0 | ADRIANO COSTANTINO: 0 | ALESSANDRO COZZA: 0 | ANDREA CASU: 0 | ANDREA SGRULLETTI: 0
296,True,84,427,0.19672131147540983,109,405,0.2691358024691358,-7.241449099372598,SABRINA ALFONSI: 8 | RICCARDO CORBUCCI: 5 | GIULIA TEMPESTA: 4 | YURI TROMBETTI: 3 | MAURIZIO VELOCCIA: 2,RICCARDO CORBUCCI: 10 | ILARIA PICCOLO: 6 | MARIANO ANGELUCCI: 4 | VALERIA BAGLIO: 3 | ANNA PAOLA CONCIA: 2
297,True,76,399,0.19047619047619047,90,457,0.19693654266958424,-0.6460352193393776,MAURIZIO VELOCCIA: 7 | SABRINA ALFONSI: 4 | SVETLANA CELLI: 4 | CARLA CONSUELO FERMARIELLO: 3 | ANDREA ALEMANNI: 2,RICCARDO CORBUCCI: 8 | ILARIA PICCOLO: 7 | ANTONGIULIO PELONZI: 3 | ELENA PATRIZIA IMPROTA: 3 | MARCO PALUMBO: 3
298,True,81,430,0.1883720930232558,97,498,0.19477911646586346,-0.6407023442607657,ANDREA ALEMANNI: 4 | VALERIA BAGLIO: 4 | MAURIZIO VELOCCIA: 3 | NELLA CONVERTI: 3 | SABRINA ALFONSI: 3,RICCARDO CORBUCCI: 9 | CARLA CONSUELO FERMARIELLO: 6 | VALERIA BAGLIO: 6 | ESTELLA MARINO: 5 | ILARIA PICCOLO: 4
299,True,52,259,0.20077220077220076,66,320,0.20625,-0.5477799227799229,ANTONIO STAMPETE: 3 | FABRIZIO RUFO: 2 | ANDREA ALEMANNI: 1 | CARLA CONSUELO FERMARIELLO: 1 | GIOVANNI CRISANTI: 1,GIUSEPPE CAVALLO: 4 | ILARIA PICCOLO: 3 | ORLANDO CORSETTI: 3 | RICCARDO CORBUCCI: 3 | CARLA CONSUELO FERMARIELLO: 2
300,True,69,455,0.15164835164835164,104,493,0.21095334685598377,-5.930499520763213,SABRINA ALFONSI: 7 | RICCARDO CORBUCCI: 4 | SVETLANA CELLI: 4 | MARIANO ANGELUCCI: 3 | MAURIZIO VELOCCIA: 3,RICCARDO CORBUCCI: 11 | ILARIA PICCOLO: 8 | GIULIA TEMPESTA: 3 | GIULIO BUGARINI: 3 | VALERIA BAGLIO: 3
301,True,82,404,0.20297029702970298,115,429,0.2680652680652681,-6.509497103556511,NELLA CONVERTI: 13 | MASSIMO DE SIMONI: 9 | RICCARDO CORBUCCI: 4 | ANDREA ALEMANNI: 3 | GIULIA TEMPESTA: 3,RICCARDO CORBUCCI: 11 | CRISTIANO DAVOLI: 4 | ANNA PAOLA CONCIA: 1 | ELENA PATRIZIA IMPROTA: 1 | GIOVANNI ZANNOLA: 1
302,True,78,415,0.18795180722891566,96,329,0.2917933130699088,-10.384150584099313,ANTONIO STAMPETE: 4 | CARLA CONSUELO FERMARIELLO: 3 | GIULIA TEMPESTA: 3 | RICCARDO CORBUCCI: 3 | SVETLANA CELLI: 3,ILARIA PICCOLO: 6 | RICCARDO CORBUCCI: 6 | ANTONGIULIO PELONZI: 4 | MARCO PALUMBO: 4 | MICHELA DI BIASE: 4
303,True,52,354,0.14689265536723164,86,445,0.19325842696629214,-4.636577159906049,RICCARDO CORBUCCI: 7 | CARLA CONSUELO FERMARIELLO: 5 | GIULIA TEMPESTA: 3 | MASSIMO DE SIMONI: 3 | ANDREA ALEMANNI: 1,ILARIA PICCOLO: 9 | RICCARDO CORBUCCI: 9 | MARCO PALUMBO: 6 | MICHELA DI BIASE: 3 | ERICA BATTAGLIA: 2
304,True,48,306,0.1568627450980392,78,430,0.1813953488372093,-2.45326037391701,RICCARDO CORBUCCI: 7 | GIULIA TEMPESTA: 6 | MASSIMO DE SIMONI: 5 | NELLA CONVERTI: 5 | ANDREA ALEMANNI: 3,MARCO PALUMBO: 7 | ELENA PATRIZIA IMPROTA: 4 | ILARIA PICCOLO: 2 | MICHELA DI BIASE: 2 | ANDREA CASU: 1
305,True,72,363,0.19834710743801653,73,421,0.17339667458432304,2.49504328536935,MAURIZIO VELOCCIA: 4 | RICCARDO CORBUCCI: 4 | SABRINA ALFONSI: 4 | CRISTINA MICHETELLI: 3 | DANIELE PARRUCCI: 3,ILARIA PICCOLO: 6 | MARCO PALUMBO: 6 | RICCARDO CORBUCCI: 3 | ANNA LODESERTO: 2 | CRISTIANO DAVOLI: 2
306,True,56,303,0.1848184818481848,84,363,0.23140495867768596,-4.658647682950115,GIULIA TEMPESTA: 4 | RICCARDO CORBUCCI: 4 | ANDREA ALEMANNI: 1 | CLAUDIO PARAVATI: 1 | ERICA BATTAGLIA: 1,RICCARDO CORBUCCI: 7 | ILARIA PICCOLO: 3 | GIUSEPPE CAVALLO: 2 | MARIA PIA FEDERICI: 2 | DANIELA TIBURZI: 1
307,True,49,304,0.1611842105263158,61,382,0.15968586387434555,0.14983466519702393,RICCARDO CORBUCCI: 3 | GIULIA TEMPESTA: 2 | CLAUDIA PAPPATA': 1 | GIAMMARCO PALMIERI: 1 | ALESSANDRO LEPIDINI: 0,ILARIA PICCOLO: 2 | MARCO PALUMBO: 2 | PIERO PETRINI: 2 | ANDREA CASU: 1 | ANTONGIULIO PELONZI: 1
308,True,80,443,0.18058690744920994,119,489,0.24335378323108384,-6.27668757818739,GIULIA TEMPESTA: 7 | RICCARDO CORBUCCI: 7 | ANTONELLA MELITO: 4 | CARLA CONSUELO FERMARIELLO: 4 | FABRIZIO RUFO: 2,ILARIA PICCOLO: 12 | RICCARDO CORBUCCI: 11 | ANTONGIULIO PELONZI: 4 | MARCO PALUMBO: 4 | CRISTIANO DAVOLI: 3
309,True,69,486,0.1419753086419753,110,508,0.21653543307086615,-7.456012442889085,GIULIA TEMPESTA: 7 | RICCARDO CORBUCCI: 7 | ANDREA ALEMANNI: 5 | CARLA CONSUELO FERMARIELLO: 4 | CRISTINA MICHETELLI: 3,RICCARDO CORBUCCI: 15 | CECILIA FANNUNZA: 10 | ILARIA PICCOLO: 8 | ALESSANDRO COZZA: 6 | VALERIA BAGLIO: 6
310,True,124,620,0.2,147,607,0.24217462932454695,-4.217462932454693,GIULIA TEMPESTA: 21 | RICCARDO CORBUCCI: 20 | ANTONIO CIANCIO: 3 | ANDREA ALEMANNI: 1 | CARLA CONSUELO FERMARIELLO: 1,RICCARDO CORBUCCI: 17 | ILARIA PICCOLO: 15 | ANNA PAOLA CONCIA: 3 | MARCO PALUMBO: 3 | MARIANO ANGELUCCI: 3
312,True,97,456,0.21271929824561403,85,510,0.16666666666666666,4.605263157894737,RICCARDO CORBUCCI: 10 | CARLA CONSUELO FERMARIELLO: 6 | GIULIA TEMPESTA: 6 | SABRINA ALFONSI: 5 | ANDREA ALEMANNI: 4,ILARIA PICCOLO: 8 | RICCARDO CORBUCCI: 4 | DANIELE PARRUCCI: 3 | MARCO PALUMBO: 3 | LOREDANA MERLUZZI: 2
313,True,55,335,0.16417910447761194,66,444,0.14864864864864866,1.5530455828963285,RICCARDO CORBUCCI: 9 | GIULIA TEMPESTA: 8 | SVETLANA CELLI: 6 | CLAUDIA PAPPATA': 1 | GIAMMARCO PALMIERI: 1,ILARIA PICCOLO: 7 | MARCO PALUMBO: 4 | RICCARDO CORBUCCI: 4 | ELENA PATRIZIA IMPROTA: 1 | ERICA BATTAGLIA: 1
315,True,85,408,0.20833333333333334,95,499,0.1903807615230461,1.7952571810287254,RICCARDO CORBUCCI: 9 | NELLA CONVERTI: 6 | GIULIA TEMPESTA: 5 | MASSIMO DE SIMONI: 4 | GIAMMARCO PALMIERI: 2,ANDREA CASU: 7 | GABRIELLA PESA: 7 | RICCARDO CORBUCCI: 4 | ILARIA PICCOLO: 3 | MARIA PIA FEDERICI: 3
316,True,75,385,0.19480519480519481,121,501,0.24151696606786427,-4.6711771262669455,GIULIA TEMPESTA: 5 | NELLA CONVERTI: 4 | RICCARDO CORBUCCI: 4 | ANDREA ALEMANNI: 3 | ANTONIO STAMPETE: 2,ILARIA PICCOLO: 8 | MARCO PALUMBO: 8 | RICCARDO CORBUCCI: 6 | ANTONGIULIO PELONZI: 2 | CARLA CONSUELO FERMARIELLO: 2
317,True,82,449,0.18262806236080179,89,499,0.17835671342685372,0.4271348933948066,GIULIA TEMPESTA: 7 | RICCARDO CORBUCCI: 7 | ANDREA ALEMANNI: 3 | MARIANO ANGELUCCI: 3 | ANTONELLA MELITO: 2,ILARIA PICCOLO: 4 | CRISTIANO DAVOLI: 3 | ERICA BATTAGLIA: 3 | RICCARDO CORBUCCI: 3 | ELENA PATRIZIA IMPROTA: 1
318,True,70,374,0.18716577540106952,90,395,0.22784810126582278,-4.068232586475326,GIULIA TEMPESTA: 6 | ANDREA ALEMANNI: 4 | RICCARDO CORBUCCI: 4 | GIOVANNI ZANNOLA: 3 | NELLA CONVERTI: 3,MARCO PALUMBO: 10 | ILARIA PICCOLO: 8 | RICCARDO CORBUCCI: 8 | VALERIA BAGLIO: 4 | CRISTIANO DAVOLI: 3
319,True,28,251,0.11155378486055777,46,347,0.13256484149855907,-2.1011056638001304,RICCARDO CORBUCCI: 5 | GIULIA TEMPESTA: 3 | ILARIA PICCOLO: 3 | NELLA CONVERTI: 3 | PIETRO VITTORIO BARBIERI: 3,MICHELA DI BIASE: 8 | ANTONGIULIO PELONZI: 3 | FABIO POMPEI: 3 | RICCARDO CORBUCCI: 3 | DANIELE PARRUCCI: 1
320,True,29,248,0.11693548387096774,36,346,0.10404624277456648,1.2889241096401258,DANIELE PARRUCCI: 1 | ERICA BATTAGLIA: 1 | MAURIZIO VELOCCIA: 1 | PIETRO VITTORIO BARBIERI: 1 | SABRINA ALFONSI: 1,RICCARDO CORBUCCI: 3 | ILARIA PICCOLO: 2 | MARCO PALUMBO: 2 | ERICA BATTAGLIA: 1 | 0: 0
321,True,25,220,0.11363636363636363,49,344,0.14244186046511628,-2.880549682875265,YURI TROMBETTI: 3 | CRISTINA MICHETELLI: 2 | ANDREA ALEMANNI: 1 | MAURIZIO VELOCCIA: 1 | RICCARDO CORBUCCI: 1,FABIO POMPEI: 4 | MARIANO ANGELUCCI: 3 | DANIELE PARRUCCI: 2 | MICHELA DI BIASE: 2 | MARCO PALUMBO: 1
322,True,16,174,0.09195402298850575,33,271,0.12177121771217712,-2.981719472367138,NELLA CONVERTI: 2 | ALESSANDRO LEPIDINI: 0 | ANDREA ALEMANNI: 0 | ANTONELLA MELITO: 0 | ANTONIO CIANCIO: 0,RICCARDO CORBUCCI: 9 | ANDREA CASU: 2 | GABRIELLA PESA: 2 | ILARIA PICCOLO: 2 | MICHELA DI BIASE: 2
323,True,54,337,0.16023738872403562,74,422,0.17535545023696683,-1.5118061512931213,RICCARDO CORBUCCI: 8 | GIULIA TEMPESTA: 7 | MASSIMO DE SIMONI: 5 | NELLA CONVERTI: 5 | CLAUDIA PAPPATA': 4,RICCARDO CORBUCCI: 12 | ANDREA CASU: 2 | GIULIA TEMPESTA: 2 | MARIANO ANGELUCCI: 2 | ANTONGIULIO PELONZI: 1
324,True,50,353,0.141643059490085,72,451,0.15964523281596452,-1.8002173325879527,RICCARDO CORBUCCI: 9 | GIULIA TEMPESTA: 8 | MASSIMO DE SIMONI: 2 | MARIANO ANGELUCCI: 1 | VALERIA BAGLIO: 1,RICCARDO CORBUCCI: 28 | DOMENICO BORRELLI: 2 | 0: 0 | ADRIANO COSTANTINO: 0 | ALESSANDRO COZZA: 0
325,True,47,303,0.1551155115511551,65,448,0.14508928571428573,1.002622583686938,ANTONIO CIANCIO: 1 | MAURIZIO VELOCCIA: 1 | NELLA CONVERTI: 1 | ROCCO STELITANO: 1 | SABRINA ALFONSI: 1,RICCARDO CORBUCCI: 8 | ILARIA PICCOLO: 5 | MICHELA DI BIASE: 3 | MARCO PALUMBO: 2 | ANDREA CASU: 1
326,True,31,287,0.10801393728222997,44,401,0.10972568578553615,-0.17117485033061874,ANTONELLA MELITO: 2 | GIAMMARCO PALMIERI: 1 | GIULIA TEMPESTA: 1 | RICCARDO CORBUCCI: 1 | ALESSANDRO LEPIDINI: 0,MARCO PALUMBO: 3 | ILARIA PICCOLO: 2 | RICCARDO CORBUCCI: 2 | ANDREA CASU: 1 | CARLA CONSUELO FERMARIELLO: 1
327,True,40,294,0.1360544217687075,38,405,0.09382716049382717,4.222726127488033,OLIMPIA TROILI: 3 | RICCARDO CORBUCCI: 3 | YURI TROMBETTI: 3 | CARLA CONSUELO FERMARIELLO: 2 | CLAUDIA PAPPATA': 2,ANTONGIULIO PELONZI: 3 | DANIELA TIBURZI: 3 | DANIELE PARRUCCI: 3 | MICHELA DI BIASE: 3 | RICCARDO CORBUCCI: 3
328,True,56,445,0.1258426966292135,76,523,0.14531548757170173,-1.9472790942488243,VALERIA BAGLIO: 2 | ANDREA ALEMANNI: 1 | ERICA BATTAGLIA: 1 | GIULIA TEMPESTA: 1 | NELLA CONVERTI: 1,MARCO PALUMBO: 4 | CECILIA FANNUNZA: 3 | ILARIA PICCOLO: 3 | RICCARDO CORBUCCI: 3 | ANDREA SGRULLETTI: 2
329,True,65,439,0.1480637813211845,72,601,0.11980033277870217,2.8263448542482332,GIULIA TEMPESTA: 7 | RICCARDO CORBUCCI: 5 | PIETRO VITTORIO BARBIERI: 4 | NELLA CONVERTI: 3 | ANTONIO STAMPETE: 2,RICCARDO CORBUCCI: 10 | ILARIA PICCOLO: 6 | MARCO PALUMBO: 3 | MICHELA DI BIASE: 3 | VALERIA BAGLIO: 3
330,True,64,479,0.1336116910229645,85,506,0.16798418972332016,-3.4372498700355663,GIULIA TEMPESTA: 7 | RICCARDO CORBUCCI: 5 | GIAMMARCO PALMIERI: 3 | CARLA CONSUELO FERMARIELLO: 2 | CLAUDIA PAPPATA': 2,ILARIA PICCOLO: 3 | MARCO PALUMBO: 3 | MARIA PIA FEDERICI: 1 | MARIANO ANGELUCCI: 1 | RICCARDO CORBUCCI: 1
331,True,86,569,0.15114235500878734,95,667,0.1424287856071964,0.8713569401590932,GIULIA TEMPESTA: 8 | RICCARDO CORBUCCI: 6 | ANDREA ALEMANNI: 4 | NELLA CONVERTI: 4 | PIERO SANDULLI: 3,CRISTIANO DAVOLI: 10 | LUCIA FIDALMA MOSIELLO: 5 | RICCARDO CORBUCCI: 5 | MICHELA DI BIASE: 4 | ILARIA PICCOLO: 3
332,True,56,410,0.13658536585365855,63,603,0.1044776119402985,3.2107753913360044,ANDREA ALEMANNI: 10 | NELLA CONVERTI: 6 | GIULIA TEMPESTA: 4 | SVETLANA CELLI: 4 | GIAMMARCO PALMIERI: 3,ALESSANDRO COZZA: 2 | MARCO PALUMBO: 2 | RICCARDO CORBUCCI: 2 | ANDREA CASU: 1 | ANTONGIULIO PELONZI: 1
333,True,42,407,0.10319410319410319,67,530,0.12641509433962264,-2.3220991145519454,ANTONELLA MELITO: 2 | RICCARDO CORBUCCI: 2 | GIAMMARCO PALMIERI: 1 | NELLA CONVERTI: 1 | SVETLANA CELLI: 1,RICCARDO CORBUCCI: 8 | ORLANDO CORSETTI: 4 | ANDREA CASU: 3 | ILARIA PICCOLO: 3 | MARCO PALUMBO: 3
334,True,71,457,0.15536105032822758,73,534,0.13670411985018727,1.8656930478040317,RICCARDO CORBUCCI: 9 | GIULIA TEMPESTA: 7 | NELLA CONVERTI: 6 | CRISTINA MICHETELLI: 5 | MASSIMO DE SIMONI: 4,RICCARDO CORBUCCI: 15 | CRISTIANO DAVOLI: 3 | ERICA BATTAGLIA: 3 | ANTONGIULIO PELONZI: 2 | MICHELA DI BIASE: 2
335,True,59,431,0.1368909512761021,105,591,0.17766497461928935,-4.077402334318725,SABRINA ALFONSI: 4 | ANTONIO CIANCIO: 3 | UBALDO RIGHETTI: 3 | ANTONIO STAMPETE: 2 | ERICA BATTAGLIA: 2,RICCARDO CORBUCCI: 26 | MARIA PIA FEDERICI: 10 | CRISTIANO DAVOLI: 4 | MARCO PALUMBO: 3 | ORLANDO CORSETTI: 3
336,True,40,390,0.10256410256410256,58,531,0.10922787193973635,-0.6663769375633788,ANDREA ALEMANNI: 1 | ANTONELLA MELITO: 1 | GIOVANNI ZANNOLA: 1 | MAURIZIO VELOCCIA: 1 | OLIMPIA TROILI: 1,RICCARDO CORBUCCI: 8 | ORLANDO CORSETTI: 5 | ANDREA CASU: 3 | MARIA PIA FEDERICI: 3 | DANIELE PARRUCCI: 2
337,True,62,433,0.14318706697459585,123,606,0.20297029702970298,-5.978323005510713,GIAMMARCO PALMIERI: 5 | CARLA CONSUELO FERMARIELLO: 4 | CLAUDIA PAPPATA': 3 | RICCARDO CORBUCCI: 3 | VALERIA BAGLIO: 3,CRISTIANO DAVOLI: 8 | RICCARDO CORBUCCI: 5 | ANTONGIULIO PELONZI: 4 | MARIANO ANGELUCCI: 4 | MICHELA DI BIASE: 4
338,True,33,335,0.09850746268656717,58,484,0.11983471074380166,-2.132724805723449,NELLA CONVERTI: 3 | RICCARDO CORBUCCI: 3 | ANTONIO STAMPETE: 2 | MASSIMO DE SIMONI: 2 | PIETRO VITTORIO BARBIERI: 2,RICCARDO CORBUCCI: 5 | MARIA PIA FEDERICI: 4 | ILARIA PICCOLO: 2 | MARIANO ANGELUCCI: 2 | ORLANDO CORSETTI: 2
339,True,57,539,0.10575139146567718,81,681,0.11894273127753303,-1.3191339811855856,MASSIMO DE SIMONI: 2 | NELLA CONVERTI: 2 | ANTONELLA MELITO: 1 | CLAUDIA PAPPATA': 1 | FABRIZIO RUFO: 1,ORLANDO CORSETTI: 7 | RICCARDO CORBUCCI: 7 | ERICA BATTAGLIA: 6 | MARIA PIA FEDERICI: 4 | ANDREA CASU: 2
340,True,55,315,0.1746031746031746,60,415,0.14457831325301204,3.0024861350162553,CARLA CONSUELO FERMARIELLO: 2 | SVETLANA CELLI: 2 | UBALDO RIGHETTI: 2 | ALESSANDRO LEPIDINI: 1 | CLAUDIA PAPPATA': 1,RICCARDO CORBUCCI: 5 | ILARIA PICCOLO: 3 | ANNA PAOLA CONCIA: 1 | ANTONGIULIO PELONZI: 1 | DANIELE PARRUCCI: 1
341,True,21,253,0.08300395256916997,38,352,0.10795454545454546,-2.495059288537549,ANDREA ALEMANNI: 2 | RICCARDO CORBUCCI: 2 | SABRINA ALFONSI: 2 | CLAUDIA PAPPATA': 1 | GIAMMARCO PALMIERI: 1,ANNA PAOLA CONCIA: 2 | ILARIA PICCOLO: 2 | RICCARDO CORBUCCI: 2 | ELENA PATRIZIA IMPROTA: 1 | MARIANO ANGELUCCI: 1
342,True,58,407,0.14250614250614252,76,565,0.13451327433628318,0.7992868169859335,MAURIZIO VELOCCIA: 5 | GIULIA TEMPESTA: 4 | RICCARDO CORBUCCI: 4 | SABRINA ALFONSI: 4 | UBALDO RIGHETTI: 4,ILARIA PICCOLO: 3 | MARCO PALUMBO: 3 | ANNA LODESERTO: 2 | RICCARDO CORBUCCI: 2 | ANNA PAOLA CONCIA: 1
343,True,61,378,0.16137566137566137,92,498,0.18473895582329317,-2.33632944476318,ANDREA ALEMANNI: 2 | ELEONORA GRIMALDI: 2 | MAURIZIO VELOCCIA: 2 | ERICA BATTAGLIA: 1 | GIOVANNI ZANNOLA: 1,ILARIA PICCOLO: 3 | MARCO PALUMBO: 3 | GIOVANNI ZANNOLA: 2 | GIULIA TEMPESTA: 2 | RICCARDO CORBUCCI: 2
344,True,72,419,0.1718377088305489,110,516,0.2131782945736434,-4.1340585743094485,ANTONELLA MELITO: 3 | GIULIA TEMPESTA: 3 | MASSIMO DE SIMONI: 3 | NELLA CONVERTI: 3 | RICCARDO CORBUCCI: 3,ILARIA PICCOLO: 4 | MARCO PALUMBO: 4 | RICCARDO CORBUCCI: 4 | PIERA LEVI MONTALCINI: 3 | MICHELA DI BIASE: 2
345,True,80,437,0.18306636155606407,88,503,0.1749502982107356,0.8116063345328467,ERICA BATTAGLIA: 5 | SVETLANA CELLI: 5 | ANDREA ALEMANNI: 3 | GIAMMARCO PALMIERI: 3 | MAURIZIO VELOCCIA: 2,ILARIA PICCOLO: 4 | FABIO POMPEI: 3 | MARCO PALUMBO: 3 | ELENA PATRIZIA IMPROTA: 2 | MARIANO ANGELUCCI: 2
346,True,52,331,0.15709969788519637,67,461,0.14533622559652928,1.1763472288667087,RICCARDO CORBUCCI: 7 | SABRINA ALFONSI: 6 | GIULIA TEMPESTA: 5 | GIAMMARCO PALMIERI: 3 | MAURIZIO VELOCCIA: 3,RICCARDO CORBUCCI: 5 | ANTONGIULIO PELONZI: 3 | MARCO PALUMBO: 3 | MARIANO ANGELUCCI: 3 | MICHELA DI BIASE: 3
347,True,117,494,0.23684210526315788,150,593,0.25295109612141653,-1.610899085825865,RICCARDO CORBUCCI: 8 | ERICA BATTAGLIA: 6 | GIULIA TEMPESTA: 4 | MAURIZIO VELOCCIA: 3 | SABRINA ALFONSI: 3,RICCARDO CORBUCCI: 11 | ILARIA PICCOLO: 7 | ERICA BATTAGLIA: 3 | FABIO POMPEI: 3 | VALERIA BAGLIO: 3
348,True,108,381,0.28346456692913385,156,586,0.26621160409556316,1.7252962833570695,RICCARDO CORBUCCI: 13 | GIULIA TEMPESTA: 8 | ERICA BATTAGLIA: 5 | MAURIZIO VELOCCIA: 3 | SABRINA ALFONSI: 3,MARCO PALUMBO: 10 | ILARIA PICCOLO: 7 | DANIELA TIBURZI: 4 | RICCARDO CORBUCCI: 4 | ANDREA CASU: 2
349,True,89,472,0.1885593220338983,116,606,0.19141914191419143,-0.28598198802931296,RICCARDO CORBUCCI: 8 | GIULIA TEMPESTA: 5 | NELLA CONVERTI: 4 | MARIANO ANGELUCCI: 2 | ROCCO STELITANO: 2,ILARIA PICCOLO: 12 | RICCARDO CORBUCCI: 11 | MARCO PALUMBO: 8 | GIULIA TEMPESTA: 3 | CARLA CONSUELO FERMARIELLO: 1
350,True,29,233,0.12446351931330472,0,0,,,NELLA CONVERTI: 2 | ERICA BATTAGLIA: 1 | STEFANO MARONGIU: 1 | UBALDO RIGHETTI: 1 | ALESSANDRO LEPIDINI: 0,0: 0 | ADRIANO COSTANTINO: 0 | ALESSANDRO COZZA: 0 | ANDREA CASU: 0 | ANDREA SGRULLETTI: 0
351,True,100,548,0.18248175182481752,87,580,0.15,3.248175182481752,RICCARDO CORBUCCI: 18 | GIULIA TEMPESTA: 14 | FLAVIA RESTIVO: 4 | ANTONIO STAMPETE: 2 | CRISTINA MICHETELLI: 2,MARCO PALUMBO: 15 | ILARIA PICCOLO: 12 | RICCARDO CORBUCCI: 4 | DANIELA TIBURZI: 3 | ANNA LODESERTO: 2
352,True,85,530,0.16037735849056603,82,564,0.1453900709219858,1.4987287568580228,ANDREA ALEMANNI: 5 | RICCARDO CORBUCCI: 5 | GIULIA TEMPESTA: 4 | MARIANO ANGELUCCI: 4 | SABRINA ALFONSI: 4,ILARIA PICCOLO: 5 | ELENA PATRIZIA IMPROTA: 4 | MARCO PALUMBO: 4 | ANTONGIULIO PELONZI: 3 | MICHELA DI BIASE: 3
353,True,60,401,0.14962593516209477,78,516,0.1511627906976744,-0.15368555355796398,GIULIA TEMPESTA: 4 | RICCARDO CORBUCCI: 4 | SVETLANA CELLI: 3 | ANDREA ALEMANNI: 2 | OLIMPIA TROILI: 2,RICCARDO CORBUCCI: 5 | ILARIA PICCOLO: 4 | MARCO PALUMBO: 4 | ANDREA CASU: 1 | ANTONGIULIO PELONZI: 1
354,True,47,319,0.14733542319749215,41,323,0.12693498452012383,2.040043867736832,GIAMMARCO PALMIERI: 3 | SVETLANA CELLI: 3 | MARIANO ANGELUCCI: 2 | SABRINA ALFONSI: 2 | ANTONIO STAMPETE: 1,RICCARDO CORBUCCI: 5 | MARIA PIA FEDERICI: 4 | PIERA LEVI MONTALCINI: 2 | CECILIA FANNUNZA: 1 | ERICA BATTAGLIA: 1
355,True,59,434,0.1359447004608295,70,480,0.14583333333333334,-0.9888632872503855,GIULIA TEMPESTA: 6 | RICCARDO CORBUCCI: 5 | YURI TROMBETTI: 2 | ANDREA ALEMANNI: 1 | ANTONIO STAMPETE: 1,MARCO PALUMBO: 7 | ILARIA PICCOLO: 5 | RICCARDO CORBUCCI: 5 | ESTELLA MARINO: 2 | CRISTIANO DAVOLI: 1
356,True,36,240,0.15,34,272,0.125,2.4999999999999996,RICCARDO CORBUCCI: 7 | GIULIA TEMPESTA: 5 | ANTONIO STAMPETE: 2 | CRISTINA MICHETELLI: 2 | LORENZO MARINONE: 1,RICCARDO CORBUCCI: 7 | CARLA CONSUELO FERMARIELLO: 1 | ILARIA PICCOLO: 1 | 0: 0 | ADRIANO COSTANTINO: 0
357,True,46,407,0.11302211302211303,59,431,0.1368909512761021,-2.386883825398907,RICCARDO CORBUCCI: 11 | GIULIA TEMPESTA: 9 | CRISTINA MICHETELLI: 2 | GIAMMARCO PALMIERI: 2 | UBALDO RIGHETTI: 2,RICCARDO CORBUCCI: 11 | ALESSANDRO COZZA: 1 | ANDREA SGRULLETTI: 1 | CARLA CONSUELO FERMARIELLO: 1 | ORLANDO CORSETTI: 1
358,True,75,536,0.13992537313432835,75,621,0.12077294685990338,1.915242627442497,RICCARDO CORBUCCI: 12 | GIULIA TEMPESTA: 11 | ANDREA ALEMANNI: 4 | LORENZO MARINONE: 4 | MAURIZIO VELOCCIA: 3,RICCARDO CORBUCCI: 12 | ILARIA PICCOLO: 6 | ANNA PAOLA CONCIA: 2 | ANDREA CASU: 1 | ANTONGIULIO PELONZI: 1
359,True,56,401,0.1396508728179551,62,496,0.125,1.46508728179551,GIULIA TEMPESTA: 11 | RICCARDO CORBUCCI: 10 | ANDREA ALEMANNI: 3 | SVETLANA CELLI: 3 | CLAUDIO PARAVATI: 1,RICCARDO CORBUCCI: 7 | ORLANDO CORSETTI: 3 | ESTELLA MARINO: 1 | FABIO POMPEI: 1 | ILARIA PICCOLO: 1
360,True,44,493,0.08924949290060852,80,542,0.14760147601476015,-5.835198311415163,GIULIA TEMPESTA: 3 | RICCARDO CORBUCCI: 3 | SVETLANA CELLI: 2 | YURI TROMBETTI: 2 | ANDREA ALEMANNI: 1,RICCARDO CORBUCCI: 7 | GIOVANNI ZANNOLA: 5 | ANTONGIULIO PELONZI: 4 | ILARIA PICCOLO: 4 | MARCO PALUMBO: 3
361,True,55,409,0.13447432762836187,71,446,0.1591928251121076,-2.4718497483745745,LORENZO MARINONE: 2 | OLIMPIA TROILI: 2 | ANDREA ALEMANNI: 1 | CRISTINA MICHETELLI: 1 | GIULIA TEMPESTA: 1,RICCARDO CORBUCCI: 6 | VALERIA BAGLIO: 4 | DANILO AMELINA: 2 | ERICA BATTAGLIA: 2 | GIOVANNI ZANNOLA: 2
362,True,58,475,0.12210526315789473,63,553,0.11392405063291139,0.8181212524983341,GIULIA TEMPESTA: 7 | RICCARDO CORBUCCI: 7 | CRISTINA MICHETELLI: 4 | STEFANO MARONGIU: 4 | SABRINA ALFONSI: 3,RICCARDO CORBUCCI: 3 | ILARIA PICCOLO: 2 | MARCO PALUMBO: 2 | VALERIA BAGLIO: 2 | ANTONGIULIO PELONZI: 1
363,True,53,459,0.11546840958605664,82,551,0.14882032667876588,-3.335191709270924,MAURIZIO VELOCCIA: 6 | SABRINA ALFONSI: 4 | SVETLANA CELLI: 4 | GIULIA TEMPESTA: 3 | RICCARDO CORBUCCI: 3,MARCO PALUMBO: 7 | ILARIA PICCOLO: 6 | RICCARDO CORBUCCI: 5 | ANNA PAOLA CONCIA: 2 | ERICA BATTAGLIA: 2
364,True,43,352,0.12215909090909091,127,748,0.1697860962566845,-4.762700534759359,ANDREA ALEMANNI: 2 | CRISTINA MICHETELLI: 2 | FABRIZIO RUFO: 2 | MAURIZIO VELOCCIA: 2 | DARIO MARCUCCI: 1,FABIO POMPEI: 6 | PIERA LEVI MONTALCINI: 5 | MICHELA DI BIASE: 4 | CECILIA FANNUNZA: 2 | MARIANO ANGELUCCI: 2
365,True,100,630,0.15873015873015872,107,709,0.15091678420310295,0.7813374527055772,CLAUDIA PAPPATA': 7 | GIAMMARCO PALMIERI: 7 | GIULIA TEMPESTA: 7 | SVETLANA CELLI: 7 | ANDREA ALEMANNI: 6,ILARIA PICCOLO: 8 | MARCO PALUMBO: 7 | FABIO POMPEI: 3 | RICCARDO CORBUCCI: 2 | ESTELLA MARINO: 1
366,True,79,494,0.15991902834008098,84,577,0.14558058925476602,1.4338439085314958,CRISTINA MICHETELLI: 6 | CARLA CONSUELO FERMARIELLO: 4 | GIOVANNI CRISANTI: 4 | SVETLANA CELLI: 3 | UBALDO RIGHETTI: 3,MARCO PALUMBO: 5 | GIOVANNI ZANNOLA: 3 | ORLANDO CORSETTI: 3 | SALVO BARRANO: 3 | ESTELLA MARINO: 2
367,True,65,424,0.15330188679245282,108,568,0.19014084507042253,-3.6838958277969707,STEFANO MARONGIU: 4 | DANIELE PARRUCCI: 3 | YURI TROMBETTI: 2 | ANDREA ALEMANNI: 1 | ANTONIO STAMPETE: 1,RICCARDO CORBUCCI: 11 | ILARIA PICCOLO: 6 | MARCO PALUMBO: 5 | DANILO AMELINA: 3 | ERICA BATTAGLIA: 2
368,True,48,302,0.15894039735099338,63,435,0.14482758620689656,1.411281114409682,GIULIA TEMPESTA: 4 | RICCARDO CORBUCCI: 4 | GIAMMARCO PALMIERI: 1 | NELLA CONVERTI: 1 | STEFANO MARONGIU: 1,ILARIA PICCOLO: 10 | MARCO PALUMBO: 5 | RICCARDO CORBUCCI: 5 | ANTONGIULIO PELONZI: 2 | MICHELA DI BIASE: 2
369,True,37,320,0.115625,82,495,0.16565656565656567,-5.003156565656567,ALESSANDRO LEPIDINI: 0 | ANDREA ALEMANNI: 0 | ANTONELLA MELITO: 0 | ANTONIO CIANCIO: 0 | ANTONIO STAMPETE: 0,RICCARDO CORBUCCI: 5 | DANIELA TIBURZI: 4 | ORLANDO CORSETTI: 3 | ANNA PAOLA CONCIA: 2 | ILARIA PICCOLO: 2
370,True,34,274,0.12408759124087591,45,407,0.11056511056511056,1.352248067576535,DANIELE PARRUCCI: 4 | CRISTINA MICHETELLI: 3 | CARLA CONSUELO FERMARIELLO: 2 | GIULIA TEMPESTA: 2 | LORENZO MARINONE: 2,RICCARDO CORBUCCI: 9 | MARIA PIA FEDERICI: 7 | ILARIA PICCOLO: 2 | CRISTIANO DAVOLI: 1 | DANIELA TIBURZI: 1
371,True,30,263,0.11406844106463879,42,400,0.105,0.906844106463879,ERICA BATTAGLIA: 2 | SABRINA ALFONSI: 2 | UBALDO RIGHETTI: 2 | ANDREA ALEMANNI: 1 | FLAVIA RESTIVO: 1,PIERA LEVI MONTALCINI: 3 | RICCARDO CORBUCCI: 3 | DANIELE PARRUCCI: 2 | MARIA PIA FEDERICI: 2 | ALESSANDRO COZZA: 1
372,True,45,386,0.11658031088082901,94,751,0.12516644474034622,-0.8586133859517203,RICCARDO CORBUCCI: 3 | SVETLANA CELLI: 3 | ANDREA ALEMANNI: 2 | GIULIA TEMPESTA: 2 | CLAUDIA PAPPATA': 1,RICCARDO CORBUCCI: 11 | ILARIA PICCOLO: 9 | MARCO PALUMBO: 9 | VALERIA BAGLIO: 4 | ANNA PAOLA CONCIA: 2
373,True,85,546,0.15567765567765568,82,700,0.11714285714285715,3.8534798534798536,RICCARDO CORBUCCI: 9 | GIULIA TEMPESTA: 7 | SABRINA ALFONSI: 6 | MAURIZIO VELOCCIA: 4 | GIAMMARCO PALMIERI: 3,ILARIA PICCOLO: 6 | RICCARDO CORBUCCI: 4 | ANNA PAOLA CONCIA: 2 | ANTONGIULIO PELONZI: 1 | CRISTIANO DAVOLI: 1
374,True,73,487,0.14989733059548255,88,705,0.12482269503546099,2.5074635560021554,GIULIA TEMPESTA: 9 | RICCARDO CORBUCCI: 9 | GIAMMARCO PALMIERI: 5 | MAURIZIO VELOCCIA: 5 | SABRINA ALFONSI: 5,ILARIA PICCOLO: 9 | MARCO PALUMBO: 8 | RICCARDO CORBUCCI: 7 | GIULIA TEMPESTA: 5 | CECILIA FANNUNZA: 2
375,True,37,360,0.10277777777777777,63,532,0.11842105263157894,-1.5643274853801168,GIULIA TEMPESTA: 5 | RICCARDO CORBUCCI: 5 | ERICA BATTAGLIA: 3 | CRISTINA MICHETELLI: 2 | DANIELE PARRUCCI: 2,MARCO PALUMBO: 4 | ILARIA PICCOLO: 3 | CRISTIANO DAVOLI: 2 | FABIO POMPEI: 2 | RICCARDO CORBUCCI: 2
856,True,54,450,0.12,48,288,0.16666666666666666,-4.666666666666666,RICCARDO CORBUCCI: 6 | GIULIA TEMPESTA: 5 | ERICA BATTAGLIA: 2 | LORENZO MARINONE: 2 | MAURIZIO VELOCCIA: 2,GIULIO BUGARINI: 2 | MICHELA DI BIASE: 2 | SALVO BARRANO: 2 | ANNA LODESERTO: 1 | ANTONGIULIO PELONZI: 1
1762,True,59,515,0.1145631067961165,49,208,0.23557692307692307,-12.101381628080658,CRISTINA MICHETELLI: 3 | YURI TROMBETTI: 2 | ANDREA ALEMANNI: 1 | MONICA MORICONI: 1 | SVETLANA CELLI: 1,ILARIA PICCOLO: 4 | MARCO PALUMBO: 4 | CECILIA FANNUNZA: 2 | MARIANO ANGELUCCI: 2 | ANDREA CASU: 1
2521,True,60,309,0.1941747572815534,86,415,0.20722891566265061,-1.305415838109722,GIULIA TEMPESTA: 6 | RICCARDO CORBUCCI: 6 | GIOVANNI ZANNOLA: 5 | ANDREA ALEMANNI: 2 | CLAUDIO PARAVATI: 2,ILARIA PICCOLO: 6 | ESTELLA MARINO: 4 | RICCARDO CORBUCCI: 4 | ANTONGIULIO PELONZI: 3 | MARCO PALUMBO: 3
2522,True,41,278,0.1474820143884892,53,323,0.16408668730650156,-1.6604672918012349,RICCARDO CORBUCCI: 8 | GIULIA TEMPESTA: 6 | ANTONELLA MELITO: 2 | MAURIZIO VELOCCIA: 2 | ANDREA ALEMANNI: 1,RICCARDO CORBUCCI: 7 | DANIELE PARRUCCI: 5 | ILARIA PICCOLO: 2 | ANDREA SGRULLETTI: 1 | GIULIA TEMPESTA: 1
2539,True,87,442,0.19683257918552036,103,671,0.15350223546944858,4.3330343716071775,RICCARDO CORBUCCI: 10 | GIULIA TEMPESTA: 6 | ANDREA ALEMANNI: 4 | DANIELE PARRUCCI: 4 | GIOVANNI ZANNOLA: 4,CRISTIANO DAVOLI: 4 | RICCARDO CORBUCCI: 3 | ANNA PAOLA CONCIA: 2 | ANTONGIULIO PELONZI: 2 | ELENA PATRIZIA IMPROTA: 2
2562,True,79,450,0.17555555555555555,70,501,0.13972055888223553,3.583499667332002,GIULIA TEMPESTA: 4 | YURI TROMBETTI: 4 | GIOVANNI ZANNOLA: 3 | VALERIA BAGLIO: 3 | CARLA CONSUELO FERMARIELLO: 2,ANDREA CASU: 3 | GABRIELLA PESA: 3 | RICCARDO CORBUCCI: 3 | CRISTIANO DAVOLI: 2 | ERICA BATTAGLIA: 2
2563,True,78,508,0.15354330708661418,58,508,0.1141732283464567,3.937007874015748,ANDREA ALEMANNI: 5 | RICCARDO CORBUCCI: 5 | GIAMMARCO PALMIERI: 4 | GIULIA TEMPESTA: 4 | CLAUDIA PAPPATA': 3,CECILIA FANNUNZA: 4 | RICCARDO CORBUCCI: 3 | FABIO POMPEI: 2 | ILARIA PICCOLO: 2 | ANDREA CASU: 1
2564,True,72,576,0.125,105,558,0.1881720430107527,-6.317204301075269,GIOVANNI ZANNOLA: 2 | GIULIA TEMPESTA: 2 | CARLA CONSUELO FERMARIELLO: 1 | MAURIZIO VELOCCIA: 1 | RICCARDO CORBUCCI: 1,MARCO TOLLI: 7 | ANNA PAOLA CONCIA: 3 | RICCARDO CORBUCCI: 2 | ANDREA CASU: 1 | CRISTIANO DAVOLI: 1
